[2025-08-18 20:54:10,144] [INFO] [ExploreAPI] Incoming request: GET /mkt/movers
[2025-08-18 20:54:23,626] [INFO] [ExploreAPI] Incoming request: GET /mkt/banknifty
[2025-08-18 20:54:23,628] [INFO] [ExploreAPI] Incoming request: GET /mkt/nifty50
[2025-08-18 20:54:23,629] [INFO] [ExploreAPI] Incoming request: GET /mkt/midcap
[2025-08-18 20:54:23,630] [INFO] [ExploreAPI] Incoming request: GET /mkt/sensex
[2025-08-18 20:54:24,701] [INFO] [ExploreAPI] Incoming request: GET /mkt/movers
[2025-08-18 20:54:24,708] [INFO] [ExploreAPI] Incoming request: GET /mkt/banknifty
[2025-08-18 20:54:24,715] [INFO] [ExploreAPI] Incoming request: GET /mkt/nifty50
[2025-08-18 20:54:24,729] [INFO] [ExploreAPI] Incoming request: GET /mkt/midcap
[2025-08-18 20:54:24,733] [INFO] [ExploreAPI] Incoming request: GET /mkt/sensex
[2025-08-18 20:54:57,931] [WARNING] [ExploreAPI] Unauthorized access attempt to /api/fallback/full-load/CIPLA.NS (missing/invalid x-internal-token)
[2025-08-18 20:55:10,391] [INFO] [ExploreAPI] Incoming request: GET /mkt/movers
[2025-08-18 20:55:10,395] [INFO] [ExploreAPI] Incoming request: GET /mkt/nifty50
[2025-08-18 20:55:10,398] [INFO] [ExploreAPI] Incoming request: GET /mkt/sensex
[2025-08-18 20:55:10,405] [INFO] [ExploreAPI] Incoming request: GET /mkt/banknifty
[2025-08-18 20:55:10,409] [INFO] [ExploreAPI] Incoming request: GET /mkt/midcap
[2025-08-18 20:58:11,046] [INFO] [ExploreAPI] Incoming request: GET /mkt/movers
[2025-08-18 20:58:11,049] [INFO] [ExploreAPI] Incoming request: GET /mkt/movers
[2025-08-18 20:58:27,408] [INFO] [ExploreAPI] Incoming request: GET /mkt/nifty50
[2025-08-18 20:58:27,409] [INFO] [ExploreAPI] Incoming request: GET /mkt/midcap
[2025-08-18 20:58:27,409] [INFO] [ExploreAPI] Incoming request: GET /mkt/sensex
[2025-08-18 20:58:27,410] [INFO] [ExploreAPI] Incoming request: GET /mkt/banknifty
[2025-08-18 20:58:27,410] [INFO] [ExploreAPI] Incoming request: GET /mkt/nifty50
[2025-08-18 20:58:27,410] [INFO] [ExploreAPI] Incoming request: GET /mkt/midcap
[2025-08-18 20:58:27,410] [INFO] [ExploreAPI] Incoming request: GET /mkt/sensex
[2025-08-18 20:58:27,411] [INFO] [ExploreAPI] Incoming request: GET /mkt/banknifty
[2025-08-18 20:58:47,807] [INFO] [ExploreAPI] Incoming request: GET /mkt/movers
[2025-08-18 20:58:47,810] [INFO] [ExploreAPI] Incoming request: GET /mkt/movers
[2025-08-18 20:58:48,435] [INFO] [ExploreAPI] Incoming request: GET /mkt/movers
[2025-08-18 20:58:48,440] [INFO] [ExploreAPI] Incoming request: GET /mkt/movers
[2025-08-18 20:58:55,817] [INFO] [ExploreAPI] Incoming request: GET /mkt/midcap
[2025-08-18 20:58:55,818] [INFO] [ExploreAPI] Incoming request: GET /mkt/banknifty
[2025-08-18 20:58:55,818] [INFO] [ExploreAPI] Incoming request: GET /mkt/sensex
[2025-08-18 20:58:55,819] [INFO] [ExploreAPI] Incoming request: GET /mkt/nifty50
[2025-08-18 20:58:58,485] [INFO] [ExploreAPI] Incoming request: GET /mkt/midcap
[2025-08-18 20:58:58,490] [INFO] [ExploreAPI] Incoming request: GET /mkt/banknifty
[2025-08-18 20:58:58,492] [INFO] [ExploreAPI] Incoming request: GET /mkt/sensex
[2025-08-18 20:58:58,495] [INFO] [ExploreAPI] Incoming request: GET /mkt/nifty50
[2025-08-18 20:59:33,030] [WARNING] [ExploreAPI] Unauthorized access attempt to /api/fallback/full-load/CIPLA.NS (missing/invalid x-internal-token)
[2025-08-18 20:59:48,734] [INFO] [ExploreAPI] Incoming request: GET /mkt/movers
[2025-08-18 21:00:03,550] [INFO] [ExploreAPI] Incoming request: GET /mkt/sensex
[2025-08-18 21:00:03,551] [INFO] [ExploreAPI] Incoming request: GET /mkt/midcap
[2025-08-18 21:00:03,552] [INFO] [ExploreAPI] Incoming request: GET /mkt/banknifty
[2025-08-18 21:00:03,552] [INFO] [ExploreAPI] Incoming request: GET /mkt/nifty50
[2025-08-18 21:00:49,025] [INFO] [ExploreAPI] Incoming request: GET /mkt/movers
[2025-08-18 21:00:49,032] [INFO] [ExploreAPI] Incoming request: GET /mkt/sensex
[2025-08-18 21:00:49,034] [INFO] [ExploreAPI] Incoming request: GET /mkt/nifty50
[2025-08-18 21:00:49,042] [INFO] [ExploreAPI] Incoming request: GET /mkt/banknifty
[2025-08-18 21:00:49,043] [INFO] [ExploreAPI] Incoming request: GET /mkt/midcap
[2025-08-18 21:00:54,957] [INFO] [ExploreAPI] Incoming request: GET /api/fallback/full-load/CIPLA.NS
[2025-08-18 21:00:54,961] [INFO] [ExploreAPI] Full Load Triggered for CIPLA.NS
[2025-08-18 21:00:56,541] [INFO] [ExploreAPI] Inserted new company for CIPLA with ID 29
[2025-08-18 21:01:09,320] [INFO] [ExploreAPI] Full load complete for CIPLA.NS
[2025-08-18 21:01:48,731] [INFO] [ExploreAPI] Incoming request: GET /mkt/movers
[2025-08-18 21:01:48,741] [INFO] [ExploreAPI] Incoming request: GET /mkt/nifty50
[2025-08-18 21:01:49,005] [INFO] [ExploreAPI] Incoming request: GET /mkt/sensex
[2025-08-18 21:01:49,195] [INFO] [ExploreAPI] Incoming request: GET /mkt/banknifty
[2025-08-18 21:01:49,197] [INFO] [ExploreAPI] Incoming request: GET /mkt/midcap
[2025-08-18 21:02:48,725] [INFO] [ExploreAPI] Incoming request: GET /mkt/movers
[2025-08-18 21:02:48,730] [INFO] [ExploreAPI] Incoming request: GET /mkt/nifty50
[2025-08-18 21:02:48,736] [INFO] [ExploreAPI] Incoming request: GET /mkt/sensex
[2025-08-18 21:02:48,738] [INFO] [ExploreAPI] Incoming request: GET /mkt/banknifty
[2025-08-18 21:02:48,747] [INFO] [ExploreAPI] Incoming request: GET /mkt/midcap
[2025-08-18 22:02:06,545] [INFO] [ExploreAPI] Incoming request: GET /mkt/movers
[2025-08-18 22:02:06,547] [INFO] [ExploreAPI] Incoming request: GET /mkt/nifty50
[2025-08-18 22:02:23,738] [INFO] [ExploreAPI] Incoming request: GET /mkt/sensex
[2025-08-18 22:02:23,881] [INFO] [ExploreAPI] Incoming request: GET /mkt/midcap
[2025-08-18 22:02:24,034] [INFO] [ExploreAPI] Incoming request: GET /mkt/banknifty
[2025-08-18 22:02:24,165] [INFO] [ExploreAPI] Incoming request: GET /mkt/movers
[2025-08-18 22:02:24,169] [INFO] [ExploreAPI] Incoming request: GET /mkt/nifty50
[2025-08-18 22:02:24,169] [INFO] [ExploreAPI] Incoming request: GET /mkt/sensex
[2025-08-18 22:02:24,174] [INFO] [ExploreAPI] Incoming request: GET /mkt/banknifty
[2025-08-18 22:02:24,175] [INFO] [ExploreAPI] Incoming request: GET /mkt/midcap
[2025-08-18 22:03:07,037] [INFO] [ExploreAPI] Incoming request: GET /mkt/movers
[2025-08-18 22:03:07,041] [INFO] [ExploreAPI] Incoming request: GET /mkt/nifty50
[2025-08-18 22:03:07,043] [INFO] [ExploreAPI] Incoming request: GET /mkt/banknifty
[2025-08-18 22:03:07,046] [INFO] [ExploreAPI] Incoming request: GET /mkt/sensex
[2025-08-18 22:03:07,047] [INFO] [ExploreAPI] Incoming request: GET /mkt/midcap
[2025-08-18 22:04:06,725] [INFO] [ExploreAPI] Incoming request: GET /mkt/movers
[2025-08-18 22:04:06,732] [INFO] [ExploreAPI] Incoming request: GET /mkt/nifty50
[2025-08-18 22:04:06,876] [INFO] [ExploreAPI] Incoming request: GET /mkt/sensex
[2025-08-18 22:04:07,013] [INFO] [ExploreAPI] Incoming request: GET /mkt/banknifty
[2025-08-18 22:04:07,146] [INFO] [ExploreAPI] Incoming request: GET /mkt/midcap
[2025-08-19 20:39:07,942] [INFO] [ExploreAPI] Incoming request: GET /mkt/movers
[2025-08-19 20:39:07,945] [INFO] [ExploreAPI] Incoming request: GET /mkt/nifty50
[2025-08-19 20:39:39,479] [INFO] [ExploreAPI] Incoming request: GET /mkt/banknifty
[2025-08-19 20:39:39,876] [INFO] [ExploreAPI] Incoming request: GET /mkt/sensex
[2025-08-19 20:39:40,394] [INFO] [ExploreAPI] Incoming request: GET /mkt/midcap
[2025-08-19 20:39:40,395] [INFO] [ExploreAPI] Incoming request: GET /mkt/movers
[2025-08-19 20:39:40,396] [INFO] [ExploreAPI] Incoming request: GET /mkt/nifty50
[2025-08-19 20:39:40,637] [INFO] [ExploreAPI] Incoming request: GET /mkt/banknifty
[2025-08-19 20:39:40,648] [INFO] [ExploreAPI] Incoming request: GET /mkt/midcap
[2025-08-19 20:39:40,649] [INFO] [ExploreAPI] Incoming request: GET /mkt/sensex
[2025-08-19 20:40:07,899] [INFO] [ExploreAPI] Incoming request: GET /mkt/movers
[2025-08-19 20:40:07,902] [INFO] [ExploreAPI] Incoming request: GET /mkt/nifty50
[2025-08-19 20:40:07,904] [INFO] [ExploreAPI] Incoming request: GET /mkt/midcap
[2025-08-19 20:40:07,905] [INFO] [ExploreAPI] Incoming request: GET /mkt/sensex
[2025-08-19 20:40:07,906] [INFO] [ExploreAPI] Incoming request: GET /mkt/banknifty
[2025-08-19 20:41:07,590] [INFO] [ExploreAPI] Incoming request: GET /mkt/movers
[2025-08-19 20:41:07,596] [INFO] [ExploreAPI] Incoming request: GET /mkt/nifty50
[2025-08-19 20:41:08,048] [INFO] [ExploreAPI] Incoming request: GET /mkt/sensex
[2025-08-19 20:41:08,050] [INFO] [ExploreAPI] Incoming request: GET /mkt/banknifty
[2025-08-19 20:41:08,051] [INFO] [ExploreAPI] Incoming request: GET /mkt/midcap
[2025-08-19 20:42:07,592] [INFO] [ExploreAPI] Incoming request: GET /mkt/movers
[2025-08-19 20:42:07,598] [INFO] [ExploreAPI] Incoming request: GET /mkt/nifty50
[2025-08-19 20:42:08,088] [INFO] [ExploreAPI] Incoming request: GET /mkt/banknifty
[2025-08-19 20:42:08,091] [INFO] [ExploreAPI] Incoming request: GET /mkt/sensex
[2025-08-19 20:42:08,092] [INFO] [ExploreAPI] Incoming request: GET /mkt/midcap
[2025-08-19 20:43:07,593] [INFO] [ExploreAPI] Incoming request: GET /mkt/movers
[2025-08-19 20:43:07,606] [INFO] [ExploreAPI] Incoming request: GET /mkt/nifty50
[2025-08-19 20:43:07,994] [INFO] [ExploreAPI] Incoming request: GET /mkt/midcap
[2025-08-19 20:43:07,999] [INFO] [ExploreAPI] Incoming request: GET /mkt/banknifty
[2025-08-19 20:43:08,001] [INFO] [ExploreAPI] Incoming request: GET /mkt/sensex
[2025-08-19 20:44:00,872] [INFO] [ExploreAPI] Incoming request: GET /mkt/movers
[2025-08-19 20:44:00,875] [INFO] [ExploreAPI] Incoming request: GET /mkt/nifty50
[2025-08-19 20:44:00,876] [INFO] [ExploreAPI] Incoming request: GET /mkt/sensex
[2025-08-19 20:44:00,878] [INFO] [ExploreAPI] Incoming request: GET /mkt/banknifty
[2025-08-19 20:44:00,879] [INFO] [ExploreAPI] Incoming request: GET /mkt/midcap
[2025-08-19 20:44:00,890] [INFO] [ExploreAPI] Incoming request: GET /mkt/movers
[2025-08-19 20:44:00,894] [INFO] [ExploreAPI] Incoming request: GET /mkt/sensex
[2025-08-19 20:44:00,895] [INFO] [ExploreAPI] Incoming request: GET /mkt/nifty50
[2025-08-19 20:44:00,897] [INFO] [ExploreAPI] Incoming request: GET /mkt/midcap
[2025-08-19 20:44:00,898] [INFO] [ExploreAPI] Incoming request: GET /mkt/banknifty
[2025-08-19 20:45:00,725] [INFO] [ExploreAPI] Incoming request: GET /mkt/movers
[2025-08-19 20:45:00,747] [INFO] [ExploreAPI] Incoming request: GET /mkt/nifty50
[2025-08-19 20:45:01,032] [INFO] [ExploreAPI] Incoming request: GET /mkt/sensex
[2025-08-19 20:45:01,219] [INFO] [ExploreAPI] Incoming request: GET /mkt/banknifty
[2025-08-19 20:45:01,220] [INFO] [ExploreAPI] Incoming request: GET /mkt/midcap
[2025-08-19 20:46:00,715] [INFO] [ExploreAPI] Incoming request: GET /mkt/movers
[2025-08-19 20:46:00,734] [INFO] [ExploreAPI] Incoming request: GET /mkt/nifty50
[2025-08-19 20:46:00,748] [INFO] [ExploreAPI] Incoming request: GET /mkt/sensex
[2025-08-19 20:46:00,754] [INFO] [ExploreAPI] Incoming request: GET /mkt/banknifty
[2025-08-19 20:46:00,762] [INFO] [ExploreAPI] Incoming request: GET /mkt/midcap
[2025-08-19 20:47:00,718] [INFO] [ExploreAPI] Incoming request: GET /mkt/movers
[2025-08-19 20:47:00,722] [INFO] [ExploreAPI] Incoming request: GET /mkt/sensex
[2025-08-19 20:47:00,723] [INFO] [ExploreAPI] Incoming request: GET /mkt/banknifty
[2025-08-19 20:47:00,724] [INFO] [ExploreAPI] Incoming request: GET /mkt/nifty50
[2025-08-19 20:47:01,627] [INFO] [ExploreAPI] Incoming request: GET /mkt/midcap
[2025-08-19 21:38:29,164] [INFO] [ExploreAPI] Incoming request: GET /mkt/movers
[2025-08-19 23:21:58,985] [INFO] [ExploreAPI] Incoming request: GET /mkt/nifty50
[2025-08-19 23:21:58,995] [INFO] [ExploreAPI] Incoming request: GET /mkt/sensex
[2025-08-19 23:21:59,005] [INFO] [ExploreAPI] Incoming request: GET /mkt/banknifty
[2025-08-19 23:21:59,017] [INFO] [ExploreAPI] Incoming request: GET /mkt/movers
[2025-08-19 23:21:59,018] [INFO] [ExploreAPI] Incoming request: GET /mkt/midcap
[2025-08-19 23:22:01,265] [INFO] [ExploreAPI] Incoming request: GET /mkt/nifty50
[2025-08-19 23:22:01,267] [INFO] [ExploreAPI] Incoming request: GET /mkt/sensex
[2025-08-19 23:22:01,270] [INFO] [ExploreAPI] Incoming request: GET /mkt/midcap
[2025-08-19 23:22:01,272] [INFO] [ExploreAPI] Incoming request: GET /mkt/banknifty
[2025-08-19 23:23:05,150] [INFO] [ExploreAPI] Incoming request: GET /mkt/movers
[2025-08-19 23:23:05,156] [INFO] [ExploreAPI] Incoming request: GET /mkt/banknifty
[2025-08-19 23:23:05,157] [INFO] [ExploreAPI] Incoming request: GET /mkt/sensex
[2025-08-19 23:23:05,159] [INFO] [ExploreAPI] Incoming request: GET /mkt/midcap
[2025-08-19 23:23:05,166] [INFO] [ExploreAPI] Incoming request: GET /mkt/nifty50
[2025-08-19 23:24:43,254] [INFO] [ExploreAPI] Incoming request: GET /mkt/movers
[2025-08-19 23:24:43,257] [INFO] [ExploreAPI] Incoming request: GET /mkt/sensex
[2025-08-19 23:24:43,259] [INFO] [ExploreAPI] Incoming request: GET /mkt/midcap
[2025-08-19 23:24:43,260] [INFO] [ExploreAPI] Incoming request: GET /mkt/banknifty
[2025-08-19 23:24:43,261] [INFO] [ExploreAPI] Incoming request: GET /mkt/nifty50
[2025-08-19 23:25:04,718] [INFO] [ExploreAPI] Incoming request: GET /mkt/movers
[2025-08-19 23:25:04,725] [INFO] [ExploreAPI] Incoming request: GET /mkt/nifty50
[2025-08-19 23:25:04,730] [INFO] [ExploreAPI] Incoming request: GET /mkt/sensex
[2025-08-19 23:25:04,735] [INFO] [ExploreAPI] Incoming request: GET /mkt/banknifty
[2025-08-19 23:25:04,741] [INFO] [ExploreAPI] Incoming request: GET /mkt/midcap
[2025-08-19 23:26:04,712] [INFO] [ExploreAPI] Incoming request: GET /mkt/movers
[2025-08-19 23:26:04,715] [INFO] [ExploreAPI] Incoming request: GET /mkt/nifty50
[2025-08-19 23:26:05,151] [INFO] [ExploreAPI] Incoming request: GET /mkt/sensex
[2025-08-19 23:26:05,313] [INFO] [ExploreAPI] Incoming request: GET /mkt/banknifty
[2025-08-19 23:26:05,489] [INFO] [ExploreAPI] Incoming request: GET /mkt/midcap
[2025-08-19 23:27:05,037] [INFO] [ExploreAPI] Incoming request: GET /mkt/movers
[2025-08-19 23:27:05,041] [INFO] [ExploreAPI] Incoming request: GET /mkt/nifty50
[2025-08-19 23:27:05,041] [INFO] [ExploreAPI] Incoming request: GET /mkt/sensex
[2025-08-19 23:27:05,044] [INFO] [ExploreAPI] Incoming request: GET /mkt/midcap
[2025-08-19 23:27:05,044] [INFO] [ExploreAPI] Incoming request: GET /mkt/banknifty
[2025-08-19 23:28:04,716] [INFO] [ExploreAPI] Incoming request: GET /mkt/movers
[2025-08-19 23:28:04,726] [INFO] [ExploreAPI] Incoming request: GET /mkt/nifty50
[2025-08-19 23:28:04,742] [INFO] [ExploreAPI] Incoming request: GET /mkt/sensex
[2025-08-19 23:28:04,747] [INFO] [ExploreAPI] Incoming request: GET /mkt/banknifty
[2025-08-19 23:28:04,752] [INFO] [ExploreAPI] Incoming request: GET /mkt/midcap
[2025-08-19 23:29:04,712] [INFO] [ExploreAPI] Incoming request: GET /mkt/movers
[2025-08-19 23:29:04,716] [INFO] [ExploreAPI] Incoming request: GET /mkt/sensex
[2025-08-19 23:29:04,718] [INFO] [ExploreAPI] Incoming request: GET /mkt/nifty50
[2025-08-19 23:29:05,505] [INFO] [ExploreAPI] Incoming request: GET /mkt/banknifty
[2025-08-19 23:29:06,202] [INFO] [ExploreAPI] Incoming request: GET /mkt/midcap
[2025-08-19 23:30:05,033] [INFO] [ExploreAPI] Incoming request: GET /mkt/movers
[2025-08-19 23:30:05,042] [INFO] [ExploreAPI] Incoming request: GET /mkt/nifty50
[2025-08-19 23:30:05,056] [INFO] [ExploreAPI] Incoming request: GET /mkt/sensex
[2025-08-19 23:30:05,427] [INFO] [ExploreAPI] Incoming request: GET /mkt/midcap
[2025-08-19 23:30:05,429] [INFO] [ExploreAPI] Incoming request: GET /mkt/banknifty
[2025-08-19 23:30:51,461] [INFO] [ExploreAPI] Incoming request: GET /mkt/movers
[2025-08-19 23:30:51,468] [INFO] [ExploreAPI] Incoming request: GET /mkt/nifty50
[2025-08-19 23:30:51,859] [INFO] [ExploreAPI] Incoming request: GET /mkt/sensex
[2025-08-19 23:30:51,869] [INFO] [ExploreAPI] Incoming request: GET /mkt/banknifty
[2025-08-19 23:30:52,117] [INFO] [ExploreAPI] Incoming request: GET /mkt/midcap
[2025-08-19 23:30:52,118] [INFO] [ExploreAPI] Incoming request: GET /mkt/movers
[2025-08-19 23:30:52,282] [INFO] [ExploreAPI] Incoming request: GET /mkt/nifty50
[2025-08-19 23:30:52,285] [INFO] [ExploreAPI] Incoming request: GET /mkt/sensex
[2025-08-19 23:30:52,291] [INFO] [ExploreAPI] Incoming request: GET /mkt/banknifty
[2025-08-19 23:30:52,316] [INFO] [ExploreAPI] Incoming request: GET /mkt/midcap
[2025-08-19 23:31:11,231] [INFO] [ExploreAPI] Incoming request: GET /mkt/movers
[2025-08-19 23:31:11,234] [INFO] [ExploreAPI] Incoming request: GET /mkt/midcap
[2025-08-19 23:31:11,235] [INFO] [ExploreAPI] Incoming request: GET /mkt/banknifty
[2025-08-19 23:31:11,236] [INFO] [ExploreAPI] Incoming request: GET /mkt/sensex
[2025-08-19 23:31:11,237] [INFO] [ExploreAPI] Incoming request: GET /mkt/nifty50
[2025-08-19 23:31:11,486] [INFO] [ExploreAPI] Incoming request: GET /mkt/midcap
[2025-08-19 23:31:11,487] [INFO] [ExploreAPI] Incoming request: GET /mkt/movers
[2025-08-19 23:31:11,489] [INFO] [ExploreAPI] Incoming request: GET /mkt/banknifty
[2025-08-19 23:31:11,490] [INFO] [ExploreAPI] Incoming request: GET /mkt/nifty50
[2025-08-19 23:31:11,490] [INFO] [ExploreAPI] Incoming request: GET /mkt/sensex
[2025-08-19 23:31:46,300] [INFO] [ExploreAPI] Incoming request: GET /mkt/movers
[2025-08-19 23:31:46,306] [INFO] [ExploreAPI] Incoming request: GET /mkt/banknifty
[2025-08-19 23:31:46,308] [INFO] [ExploreAPI] Incoming request: GET /mkt/midcap
[2025-08-19 23:31:46,320] [INFO] [ExploreAPI] Incoming request: GET /mkt/nifty50
[2025-08-19 23:31:46,320] [INFO] [ExploreAPI] Incoming request: GET /mkt/sensex
[2025-08-19 23:31:46,342] [INFO] [ExploreAPI] Incoming request: GET /mkt/movers
[2025-08-19 23:31:46,351] [INFO] [ExploreAPI] Incoming request: GET /mkt/banknifty
[2025-08-19 23:31:46,352] [INFO] [ExploreAPI] Incoming request: GET /mkt/midcap
[2025-08-19 23:31:46,356] [INFO] [ExploreAPI] Incoming request: GET /mkt/nifty50
[2025-08-19 23:31:46,357] [INFO] [ExploreAPI] Incoming request: GET /mkt/sensex
[2025-08-19 23:32:42,358] [INFO] [ExploreAPI] Incoming request: GET /mkt/nifty50
[2025-08-19 23:32:43,819] [INFO] [ExploreAPI] Incoming request: GET /mkt/banknifty
[2025-08-19 23:32:43,820] [INFO] [ExploreAPI] Incoming request: GET /mkt/midcap
[2025-08-19 23:32:43,821] [INFO] [ExploreAPI] Incoming request: GET /mkt/movers
[2025-08-19 23:32:53,594] [INFO] [ExploreAPI] Incoming request: GET /mkt/sensex
[2025-08-19 23:32:53,740] [INFO] [ExploreAPI] Incoming request: GET /mkt/movers
[2025-08-19 23:32:53,740] [INFO] [ExploreAPI] Incoming request: GET /mkt/nifty50
[2025-08-19 23:32:53,741] [INFO] [ExploreAPI] Incoming request: GET /mkt/midcap
[2025-08-19 23:32:53,741] [INFO] [ExploreAPI] Incoming request: GET /mkt/banknifty
[2025-08-19 23:32:53,744] [INFO] [ExploreAPI] Incoming request: GET /mkt/sensex
[2025-08-19 23:33:43,041] [INFO] [ExploreAPI] Incoming request: GET /mkt/movers
[2025-08-19 23:33:43,044] [INFO] [ExploreAPI] Incoming request: GET /mkt/sensex
[2025-08-19 23:33:43,044] [INFO] [ExploreAPI] Incoming request: GET /mkt/nifty50
[2025-08-19 23:33:43,221] [INFO] [ExploreAPI] Incoming request: GET /mkt/banknifty
[2025-08-19 23:33:43,222] [INFO] [ExploreAPI] Incoming request: GET /mkt/midcap
[2025-08-19 23:36:55,880] [INFO] [ExploreAPI] Incoming request: GET /mkt/movers
[2025-08-19 23:36:55,884] [INFO] [ExploreAPI] Incoming request: GET /mkt/sensex
[2025-08-19 23:36:55,885] [INFO] [ExploreAPI] Incoming request: GET /mkt/nifty50
[2025-08-19 23:36:55,886] [INFO] [ExploreAPI] Incoming request: GET /mkt/banknifty
[2025-08-19 23:36:56,697] [INFO] [ExploreAPI] Incoming request: GET /mkt/midcap
[2025-08-19 23:36:56,933] [INFO] [ExploreAPI] Incoming request: GET /mkt/sensex
[2025-08-19 23:36:56,934] [INFO] [ExploreAPI] Incoming request: GET /mkt/nifty50
[2025-08-19 23:36:56,937] [INFO] [ExploreAPI] Incoming request: GET /mkt/movers
[2025-08-19 23:36:56,941] [INFO] [ExploreAPI] Incoming request: GET /mkt/banknifty
[2025-08-19 23:36:56,950] [INFO] [ExploreAPI] Incoming request: GET /mkt/midcap
[2025-08-19 23:46:08,466] [INFO] [ExploreAPI] Incoming request: GET /mkt/movers
[2025-08-19 23:46:08,479] [INFO] [ExploreAPI] Incoming request: GET /mkt/nifty50
[2025-08-19 23:46:08,479] [INFO] [ExploreAPI] Incoming request: GET /mkt/sensex
[2025-08-19 23:46:08,926] [INFO] [ExploreAPI] Incoming request: GET /mkt/banknifty
[2025-08-19 23:46:08,926] [INFO] [ExploreAPI] Incoming request: GET /mkt/midcap
[2025-08-19 23:46:08,927] [INFO] [ExploreAPI] Incoming request: GET /mkt/movers
[2025-08-19 23:46:09,218] [INFO] [ExploreAPI] Incoming request: GET /mkt/sensex
[2025-08-19 23:46:09,219] [INFO] [ExploreAPI] Incoming request: GET /mkt/nifty50
[2025-08-19 23:46:09,230] [INFO] [ExploreAPI] Incoming request: GET /mkt/banknifty
[2025-08-19 23:46:09,236] [INFO] [ExploreAPI] Incoming request: GET /mkt/midcap
[2025-08-19 23:46:10,741] [INFO] [ExploreAPI] Incoming request: GET /api/history/RAYMONDLSL
[2025-08-19 23:46:10,757] [INFO] [ExploreAPI] Fetching 5y history for RAYMONDLSL
[2025-08-19 23:46:11,027] [INFO] [ExploreAPI] Incoming request: GET /api/history/RAYMONDLSL
[2025-08-19 23:46:11,028] [INFO] [ExploreAPI] Fetching 5y history for RAYMONDLSL
[2025-08-19 23:49:52,746] [INFO] [ExploreAPI] Incoming request: GET /mkt/movers
[2025-08-19 23:49:52,752] [INFO] [ExploreAPI] Incoming request: GET /mkt/banknifty
[2025-08-19 23:49:52,753] [INFO] [ExploreAPI] Incoming request: GET /mkt/nifty50
[2025-08-19 23:49:52,756] [INFO] [ExploreAPI] Incoming request: GET /mkt/midcap
[2025-08-19 23:49:52,768] [INFO] [ExploreAPI] Incoming request: GET /mkt/sensex
[2025-08-19 23:49:53,815] [INFO] [ExploreAPI] Incoming request: GET /mkt/banknifty
[2025-08-19 23:49:53,819] [INFO] [ExploreAPI] Incoming request: GET /mkt/nifty50
[2025-08-19 23:49:53,820] [INFO] [ExploreAPI] Incoming request: GET /mkt/movers
[2025-08-19 23:49:53,821] [INFO] [ExploreAPI] Incoming request: GET /mkt/sensex
[2025-08-19 23:49:53,822] [INFO] [ExploreAPI] Incoming request: GET /mkt/midcap
[2025-08-19 23:50:18,923] [INFO] [ExploreAPI] Incoming request: GET /api/history/HYUNDAI
[2025-08-19 23:50:18,924] [INFO] [ExploreAPI] Fetching 5y history for HYUNDAI
[2025-08-19 23:50:19,255] [INFO] [ExploreAPI] Incoming request: GET /api/history/HYUNDAI
[2025-08-19 23:50:19,256] [INFO] [ExploreAPI] Fetching 5y history for HYUNDAI
[2025-08-19 23:50:22,015] [INFO] [ExploreAPI] Incoming request: GET /api/history/HYUNDAI
[2025-08-19 23:50:22,019] [INFO] [ExploreAPI] Fetching 3y history for HYUNDAI
[2025-08-19 23:50:22,861] [INFO] [ExploreAPI] Incoming request: GET /api/history/HYUNDAI
[2025-08-19 23:50:22,863] [INFO] [ExploreAPI] Fetching 1y history for HYUNDAI
[2025-08-19 23:51:01,842] [INFO] [ExploreAPI] Incoming request: GET /api/history/HYUNDAI
[2025-08-19 23:51:01,861] [INFO] [ExploreAPI] Fetching 3m history for HYUNDAI
[2025-08-19 23:52:18,130] [INFO] [ExploreAPI] Incoming request: GET /mkt/movers
[2025-08-19 23:52:18,134] [INFO] [ExploreAPI] Incoming request: GET /mkt/banknifty
[2025-08-19 23:52:18,134] [INFO] [ExploreAPI] Incoming request: GET /mkt/nifty50
[2025-08-19 23:52:18,135] [INFO] [ExploreAPI] Incoming request: GET /mkt/sensex
[2025-08-19 23:52:18,723] [INFO] [ExploreAPI] Incoming request: GET /mkt/midcap
[2025-08-19 23:52:18,874] [INFO] [ExploreAPI] Incoming request: GET /mkt/banknifty
[2025-08-19 23:52:18,877] [INFO] [ExploreAPI] Incoming request: GET /mkt/nifty50
[2025-08-19 23:52:18,884] [INFO] [ExploreAPI] Incoming request: GET /mkt/sensex
[2025-08-19 23:52:18,885] [INFO] [ExploreAPI] Incoming request: GET /mkt/movers
[2025-08-19 23:52:18,889] [INFO] [ExploreAPI] Incoming request: GET /mkt/midcap
[2025-08-19 23:52:34,702] [INFO] [ExploreAPI] Incoming request: GET /api/history/RAYMONDLSL
[2025-08-19 23:52:34,704] [INFO] [ExploreAPI] Fetching 5y history for RAYMONDLSL
[2025-08-19 23:52:34,978] [INFO] [ExploreAPI] Incoming request: GET /api/history/RAYMONDLSL
[2025-08-19 23:52:34,980] [INFO] [ExploreAPI] Fetching 5y history for RAYMONDLSL
[2025-08-20 00:09:40,203] [INFO] [ExploreAPI] Incoming request: GET /mkt/movers
[2025-08-20 00:10:01,540] [INFO] [ExploreAPI] Incoming request: GET /mkt/nifty50
[2025-08-20 00:10:01,821] [INFO] [ExploreAPI] Incoming request: GET /mkt/sensex
[2025-08-20 00:12:55,569] [INFO] [ExploreAPI] Incoming request: GET /mkt/movers
[2025-08-20 00:12:55,577] [INFO] [ExploreAPI] Incoming request: GET /mkt/nifty50
[2025-08-20 00:12:56,179] [INFO] [ExploreAPI] Incoming request: GET /mkt/sensex
[2025-08-20 00:12:56,740] [INFO] [ExploreAPI] Incoming request: GET /mkt/banknifty
[2025-08-20 00:12:56,741] [INFO] [ExploreAPI] Incoming request: GET /mkt/midcap
[2025-08-20 00:12:56,742] [INFO] [ExploreAPI] Incoming request: GET /mkt/movers
[2025-08-20 00:12:57,670] [INFO] [ExploreAPI] Incoming request: GET /mkt/nifty50
[2025-08-20 00:12:57,673] [INFO] [ExploreAPI] Incoming request: GET /mkt/sensex
[2025-08-20 00:12:57,681] [INFO] [ExploreAPI] Incoming request: GET /mkt/banknifty
[2025-08-20 00:12:57,686] [INFO] [ExploreAPI] Incoming request: GET /mkt/midcap
[2025-08-20 00:13:31,647] [INFO] [ExploreAPI] Incoming request: GET /mkt/movers
[2025-08-20 00:13:31,656] [INFO] [ExploreAPI] Incoming request: GET /mkt/nifty50
[2025-08-20 00:13:31,657] [INFO] [ExploreAPI] Incoming request: GET /mkt/sensex
[2025-08-20 00:13:31,657] [INFO] [ExploreAPI] Incoming request: GET /mkt/midcap
[2025-08-20 00:13:31,659] [INFO] [ExploreAPI] Incoming request: GET /mkt/banknifty
[2025-08-20 00:13:31,682] [INFO] [ExploreAPI] Incoming request: GET /mkt/movers
[2025-08-20 00:13:31,686] [INFO] [ExploreAPI] Incoming request: GET /mkt/nifty50
[2025-08-20 00:13:31,689] [INFO] [ExploreAPI] Incoming request: GET /mkt/midcap
[2025-08-20 00:13:31,690] [INFO] [ExploreAPI] Incoming request: GET /mkt/sensex
[2025-08-20 00:13:31,690] [INFO] [ExploreAPI] Incoming request: GET /mkt/banknifty
[2025-08-20 00:14:15,091] [INFO] [ExploreAPI] Incoming request: GET /mkt/movers
[2025-08-20 00:14:15,097] [INFO] [ExploreAPI] Incoming request: GET /mkt/nifty50
[2025-08-20 00:14:15,248] [INFO] [ExploreAPI] Incoming request: GET /mkt/sensex
[2025-08-20 00:14:15,685] [INFO] [ExploreAPI] Incoming request: GET /mkt/banknifty
[2025-08-20 00:14:15,688] [INFO] [ExploreAPI] Incoming request: GET /mkt/nifty50
[2025-08-20 00:14:15,690] [INFO] [ExploreAPI] Incoming request: GET /mkt/midcap
[2025-08-20 00:14:15,690] [INFO] [ExploreAPI] Incoming request: GET /mkt/movers
[2025-08-20 00:14:16,214] [INFO] [ExploreAPI] Incoming request: GET /mkt/sensex
[2025-08-20 00:14:16,231] [INFO] [ExploreAPI] Incoming request: GET /mkt/banknifty
[2025-08-20 00:14:16,233] [INFO] [ExploreAPI] Incoming request: GET /mkt/midcap
[2025-08-20 00:15:16,030] [INFO] [ExploreAPI] Incoming request: GET /mkt/movers
[2025-08-20 00:15:16,033] [INFO] [ExploreAPI] Incoming request: GET /mkt/nifty50
[2025-08-20 00:15:16,034] [INFO] [ExploreAPI] Incoming request: GET /mkt/sensex
[2025-08-20 00:15:16,344] [INFO] [ExploreAPI] Incoming request: GET /mkt/banknifty
[2025-08-20 00:15:16,345] [INFO] [ExploreAPI] Incoming request: GET /mkt/midcap
[2025-08-20 00:16:15,715] [INFO] [ExploreAPI] Incoming request: GET /mkt/movers
[2025-08-20 00:16:15,720] [INFO] [ExploreAPI] Incoming request: GET /mkt/nifty50
[2025-08-20 00:16:15,727] [INFO] [ExploreAPI] Incoming request: GET /mkt/sensex
[2025-08-20 00:16:15,729] [INFO] [ExploreAPI] Incoming request: GET /mkt/banknifty
[2025-08-20 00:16:15,732] [INFO] [ExploreAPI] Incoming request: GET /mkt/midcap
[2025-08-20 00:16:36,470] [INFO] [ExploreAPI] Incoming request: GET /mkt/movers
[2025-08-20 00:16:36,472] [INFO] [ExploreAPI] Incoming request: GET /mkt/nifty50
[2025-08-20 00:16:36,656] [INFO] [ExploreAPI] Incoming request: GET /mkt/sensex
[2025-08-20 00:16:36,785] [INFO] [ExploreAPI] Incoming request: GET /mkt/movers
[2025-08-20 00:16:36,787] [INFO] [ExploreAPI] Incoming request: GET /mkt/banknifty
[2025-08-20 00:16:36,788] [INFO] [ExploreAPI] Incoming request: GET /mkt/nifty50
[2025-08-20 00:16:36,788] [INFO] [ExploreAPI] Incoming request: GET /mkt/midcap
[2025-08-20 00:16:37,060] [INFO] [ExploreAPI] Incoming request: GET /mkt/sensex
[2025-08-20 00:16:37,066] [INFO] [ExploreAPI] Incoming request: GET /mkt/banknifty
[2025-08-20 00:16:37,067] [INFO] [ExploreAPI] Incoming request: GET /mkt/midcap
[2025-08-20 17:38:28,940] [INFO] [ExploreAPI] Incoming request: GET /mkt/movers
[2025-08-20 17:38:28,942] [INFO] [ExploreAPI] Incoming request: GET /mkt/nifty50
[2025-08-20 17:38:42,975] [INFO] [ExploreAPI] Incoming request: GET /mkt/sensex
[2025-08-20 17:38:43,202] [INFO] [ExploreAPI] Incoming request: GET /mkt/midcap
[2025-08-20 17:38:43,203] [INFO] [ExploreAPI] Incoming request: GET /mkt/banknifty
[2025-08-20 17:38:43,677] [INFO] [ExploreAPI] Incoming request: GET /mkt/nifty50
[2025-08-20 17:38:43,678] [INFO] [ExploreAPI] Incoming request: GET /mkt/movers
[2025-08-20 17:38:43,683] [INFO] [ExploreAPI] Incoming request: GET /mkt/sensex
[2025-08-20 17:38:43,687] [INFO] [ExploreAPI] Incoming request: GET /mkt/midcap
[2025-08-20 17:38:43,690] [INFO] [ExploreAPI] Incoming request: GET /mkt/banknifty
[2025-08-20 17:42:03,360] [INFO] [ExploreAPI] Incoming request: GET /mkt/movers
[2025-08-20 17:42:03,363] [INFO] [ExploreAPI] Incoming request: GET /mkt/nifty50
[2025-08-20 17:42:03,820] [INFO] [ExploreAPI] Incoming request: GET /mkt/sensex
[2025-08-20 17:42:03,993] [INFO] [ExploreAPI] Incoming request: GET /mkt/banknifty
[2025-08-20 17:42:04,143] [INFO] [ExploreAPI] Incoming request: GET /mkt/movers
[2025-08-20 17:42:04,144] [INFO] [ExploreAPI] Incoming request: GET /mkt/midcap
[2025-08-20 17:42:04,315] [INFO] [ExploreAPI] Incoming request: GET /mkt/sensex
[2025-08-20 17:42:04,315] [INFO] [ExploreAPI] Incoming request: GET /mkt/nifty50
[2025-08-20 17:42:04,324] [INFO] [ExploreAPI] Incoming request: GET /mkt/midcap
[2025-08-20 17:42:04,325] [INFO] [ExploreAPI] Incoming request: GET /mkt/banknifty
[2025-08-20 17:42:06,669] [INFO] [ExploreAPI] Incoming request: GET /api/history/OLAELEC
[2025-08-20 17:42:06,673] [INFO] [ExploreAPI] Fetching 5y history for OLAELEC
[2025-08-20 17:42:06,983] [INFO] [ExploreAPI] Incoming request: GET /api/history/OLAELEC
[2025-08-20 17:42:06,984] [INFO] [ExploreAPI] Fetching 5y history for OLAELEC
[2025-08-20 17:43:05,746] [INFO] [ExploreAPI] Incoming request: GET /api/history/OLAELEC
[2025-08-20 17:43:05,747] [INFO] [ExploreAPI] Fetching 5y history for OLAELEC
[2025-08-20 17:43:57,911] [INFO] [ExploreAPI] Incoming request: GET /mkt/movers
[2025-08-20 17:43:57,920] [INFO] [ExploreAPI] Incoming request: GET /mkt/nifty50
[2025-08-20 17:43:58,089] [INFO] [ExploreAPI] Incoming request: GET /mkt/sensex
[2025-08-20 17:43:58,261] [INFO] [ExploreAPI] Incoming request: GET /mkt/midcap
[2025-08-20 17:43:58,263] [INFO] [ExploreAPI] Incoming request: GET /mkt/banknifty
[2025-08-20 17:43:58,264] [INFO] [ExploreAPI] Incoming request: GET /mkt/movers
[2025-08-20 17:43:58,266] [INFO] [ExploreAPI] Incoming request: GET /mkt/nifty50
[2025-08-20 17:43:58,888] [INFO] [ExploreAPI] Incoming request: GET /mkt/sensex
[2025-08-20 17:43:58,898] [INFO] [ExploreAPI] Incoming request: GET /mkt/midcap
[2025-08-20 17:43:58,901] [INFO] [ExploreAPI] Incoming request: GET /mkt/banknifty
[2025-08-20 17:44:08,030] [INFO] [ExploreAPI] Incoming request: GET /api/history/INFY
[2025-08-20 17:44:08,031] [INFO] [ExploreAPI] Fetching 5y history for INFY
[2025-08-20 17:44:08,507] [INFO] [ExploreAPI] Incoming request: GET /api/history/INFY
[2025-08-20 17:44:08,508] [INFO] [ExploreAPI] Fetching 5y history for INFY
[2025-08-20 17:52:02,798] [INFO] [ExploreAPI] Incoming request: GET /mkt/movers
[2025-08-20 17:52:02,801] [INFO] [ExploreAPI] Incoming request: GET /mkt/nifty50
[2025-08-20 17:52:03,174] [INFO] [ExploreAPI] Incoming request: GET /mkt/sensex
[2025-08-20 17:52:03,174] [INFO] [ExploreAPI] Incoming request: GET /mkt/midcap
[2025-08-20 17:52:03,175] [INFO] [ExploreAPI] Incoming request: GET /mkt/banknifty
[2025-08-20 17:52:03,787] [INFO] [ExploreAPI] Incoming request: GET /mkt/movers
[2025-08-20 17:52:03,794] [INFO] [ExploreAPI] Incoming request: GET /mkt/nifty50
[2025-08-20 17:52:03,801] [INFO] [ExploreAPI] Incoming request: GET /mkt/sensex
[2025-08-20 17:52:03,808] [INFO] [ExploreAPI] Incoming request: GET /mkt/midcap
[2025-08-20 17:52:03,828] [INFO] [ExploreAPI] Incoming request: GET /mkt/banknifty
[2025-08-20 17:52:16,694] [INFO] [ExploreAPI] Incoming request: GET /api/history/INFY
[2025-08-20 17:52:16,697] [INFO] [ExploreAPI] Fetching 5y history for INFY
[2025-08-20 17:52:17,489] [INFO] [ExploreAPI] Incoming request: GET /api/history/INFY
[2025-08-20 17:52:17,490] [INFO] [ExploreAPI] Fetching 5y history for INFY
[2025-08-20 18:30:09,692] [INFO] [ExploreAPI] Incoming request: GET /api/history/INFY
[2025-08-20 18:30:09,693] [INFO] [ExploreAPI] Fetching 5y history for INFY
[2025-08-20 18:30:10,288] [INFO] [ExploreAPI] Incoming request: GET /api/history/INFY
[2025-08-20 18:30:10,289] [INFO] [ExploreAPI] Fetching 5y history for INFY
[2025-08-20 18:38:56,190] [INFO] [ExploreAPI] Incoming request: GET /mkt/movers
[2025-08-20 18:38:56,191] [INFO] [ExploreAPI] Incoming request: GET /mkt/nifty50
[2025-08-20 18:39:07,021] [INFO] [ExploreAPI] Incoming request: GET /mkt/banknifty
[2025-08-20 18:39:07,022] [INFO] [ExploreAPI] Incoming request: GET /mkt/midcap
[2025-08-20 18:39:07,360] [INFO] [ExploreAPI] Incoming request: GET /mkt/sensex
[2025-08-20 18:39:07,361] [INFO] [ExploreAPI] Incoming request: GET /mkt/movers
[2025-08-20 18:39:07,520] [INFO] [ExploreAPI] Incoming request: GET /mkt/nifty50
[2025-08-20 18:39:07,523] [INFO] [ExploreAPI] Incoming request: GET /mkt/midcap
[2025-08-20 18:39:07,524] [INFO] [ExploreAPI] Incoming request: GET /mkt/banknifty
[2025-08-20 18:39:07,527] [INFO] [ExploreAPI] Incoming request: GET /mkt/sensex
[2025-08-20 18:39:56,182] [INFO] [ExploreAPI] Incoming request: GET /mkt/movers
[2025-08-20 18:39:56,185] [INFO] [ExploreAPI] Incoming request: GET /mkt/nifty50
[2025-08-20 18:39:56,187] [INFO] [ExploreAPI] Incoming request: GET /mkt/midcap
[2025-08-20 18:39:56,188] [INFO] [ExploreAPI] Incoming request: GET /mkt/banknifty
[2025-08-20 18:39:56,188] [INFO] [ExploreAPI] Incoming request: GET /mkt/sensex
[2025-08-20 18:40:55,866] [INFO] [ExploreAPI] Incoming request: GET /mkt/movers
[2025-08-20 18:40:55,872] [INFO] [ExploreAPI] Incoming request: GET /mkt/nifty50
[2025-08-20 18:40:56,061] [INFO] [ExploreAPI] Incoming request: GET /mkt/sensex
[2025-08-20 18:40:56,218] [INFO] [ExploreAPI] Incoming request: GET /mkt/midcap
[2025-08-20 18:40:56,219] [INFO] [ExploreAPI] Incoming request: GET /mkt/banknifty
[2025-08-20 18:41:55,868] [INFO] [ExploreAPI] Incoming request: GET /mkt/movers
[2025-08-20 18:41:55,871] [INFO] [ExploreAPI] Incoming request: GET /mkt/nifty50
[2025-08-20 18:41:55,876] [INFO] [ExploreAPI] Incoming request: GET /mkt/sensex
[2025-08-20 18:41:55,877] [INFO] [ExploreAPI] Incoming request: GET /mkt/banknifty
[2025-08-20 18:41:55,881] [INFO] [ExploreAPI] Incoming request: GET /mkt/midcap
[2025-08-20 18:42:55,861] [INFO] [ExploreAPI] Incoming request: GET /mkt/movers
[2025-08-20 18:42:55,864] [INFO] [ExploreAPI] Incoming request: GET /mkt/nifty50
[2025-08-20 18:42:56,325] [INFO] [ExploreAPI] Incoming request: GET /mkt/sensex
[2025-08-20 18:42:56,545] [INFO] [ExploreAPI] Incoming request: GET /mkt/midcap
[2025-08-20 18:42:56,545] [INFO] [ExploreAPI] Incoming request: GET /mkt/banknifty
[2025-08-20 18:43:56,189] [INFO] [ExploreAPI] Incoming request: GET /mkt/movers
[2025-08-20 18:43:56,192] [INFO] [ExploreAPI] Incoming request: GET /mkt/banknifty
[2025-08-20 18:43:56,193] [INFO] [ExploreAPI] Incoming request: GET /mkt/sensex
[2025-08-20 18:43:56,194] [INFO] [ExploreAPI] Incoming request: GET /mkt/nifty50
[2025-08-20 18:43:56,453] [INFO] [ExploreAPI] Incoming request: GET /mkt/midcap
[2025-08-20 18:44:56,431] [INFO] [ExploreAPI] Incoming request: GET /mkt/movers
[2025-08-20 18:44:56,438] [INFO] [ExploreAPI] Incoming request: GET /mkt/nifty50
[2025-08-20 18:44:56,606] [INFO] [ExploreAPI] Incoming request: GET /mkt/sensex
[2025-08-20 18:44:56,751] [INFO] [ExploreAPI] Incoming request: GET /mkt/midcap
[2025-08-20 18:44:56,752] [INFO] [ExploreAPI] Incoming request: GET /mkt/banknifty
[2025-08-20 18:46:05,739] [INFO] [ExploreAPI] Incoming request: GET /mkt/movers
[2025-08-20 18:46:05,741] [INFO] [ExploreAPI] Incoming request: GET /mkt/nifty50
[2025-08-20 18:46:05,894] [INFO] [ExploreAPI] Incoming request: GET /mkt/sensex
[2025-08-20 18:46:05,894] [INFO] [ExploreAPI] Incoming request: GET /mkt/midcap
[2025-08-20 18:46:05,895] [INFO] [ExploreAPI] Incoming request: GET /mkt/banknifty
[2025-08-20 18:47:05,429] [INFO] [ExploreAPI] Incoming request: GET /mkt/movers
[2025-08-20 18:47:05,434] [INFO] [ExploreAPI] Incoming request: GET /mkt/nifty50
[2025-08-20 18:47:05,438] [INFO] [ExploreAPI] Incoming request: GET /mkt/sensex
[2025-08-20 18:47:05,442] [INFO] [ExploreAPI] Incoming request: GET /mkt/banknifty
[2025-08-20 18:47:05,446] [INFO] [ExploreAPI] Incoming request: GET /mkt/midcap
[2025-08-20 18:48:05,428] [INFO] [ExploreAPI] Incoming request: GET /mkt/movers
[2025-08-20 18:48:05,430] [INFO] [ExploreAPI] Incoming request: GET /mkt/sensex
[2025-08-20 18:48:05,431] [INFO] [ExploreAPI] Incoming request: GET /mkt/banknifty
[2025-08-20 18:48:05,431] [INFO] [ExploreAPI] Incoming request: GET /mkt/nifty50
[2025-08-20 18:48:06,305] [INFO] [ExploreAPI] Incoming request: GET /mkt/midcap
[2025-08-20 18:48:56,729] [INFO] [ExploreAPI] Incoming request: GET /mkt/midcap
[2025-08-20 18:48:56,733] [INFO] [ExploreAPI] Incoming request: GET /mkt/movers
[2025-08-20 18:48:56,734] [INFO] [ExploreAPI] Incoming request: GET /mkt/nifty50
[2025-08-20 18:48:56,737] [INFO] [ExploreAPI] Incoming request: GET /mkt/sensex
[2025-08-20 18:48:56,739] [INFO] [ExploreAPI] Incoming request: GET /mkt/banknifty
[2025-08-20 18:50:05,754] [INFO] [ExploreAPI] Incoming request: GET /mkt/movers
[2025-08-20 18:50:05,757] [INFO] [ExploreAPI] Incoming request: GET /mkt/sensex
[2025-08-20 18:50:05,758] [INFO] [ExploreAPI] Incoming request: GET /mkt/banknifty
[2025-08-20 18:50:05,759] [INFO] [ExploreAPI] Incoming request: GET /mkt/nifty50
[2025-08-20 18:50:06,645] [INFO] [ExploreAPI] Incoming request: GET /mkt/midcap
[2025-08-20 18:51:05,431] [INFO] [ExploreAPI] Incoming request: GET /mkt/movers
[2025-08-20 18:51:05,438] [INFO] [ExploreAPI] Incoming request: GET /mkt/nifty50
[2025-08-20 18:51:05,443] [INFO] [ExploreAPI] Incoming request: GET /mkt/sensex
[2025-08-20 18:51:05,450] [INFO] [ExploreAPI] Incoming request: GET /mkt/banknifty
[2025-08-20 18:51:05,455] [INFO] [ExploreAPI] Incoming request: GET /mkt/midcap
[2025-08-20 18:52:05,739] [INFO] [ExploreAPI] Incoming request: GET /mkt/movers
[2025-08-20 18:52:05,743] [INFO] [ExploreAPI] Incoming request: GET /mkt/banknifty
[2025-08-20 18:52:05,744] [INFO] [ExploreAPI] Incoming request: GET /mkt/sensex
[2025-08-20 18:52:05,745] [INFO] [ExploreAPI] Incoming request: GET /mkt/nifty50
[2025-08-20 18:52:05,746] [INFO] [ExploreAPI] Incoming request: GET /mkt/midcap
[2025-08-20 18:53:05,424] [INFO] [ExploreAPI] Incoming request: GET /mkt/movers
[2025-08-20 18:53:05,429] [INFO] [ExploreAPI] Incoming request: GET /mkt/nifty50
[2025-08-20 18:53:05,435] [INFO] [ExploreAPI] Incoming request: GET /mkt/sensex
[2025-08-20 18:53:05,441] [INFO] [ExploreAPI] Incoming request: GET /mkt/banknifty
[2025-08-20 18:53:05,448] [INFO] [ExploreAPI] Incoming request: GET /mkt/midcap
[2025-08-20 18:54:05,735] [INFO] [ExploreAPI] Incoming request: GET /mkt/movers
[2025-08-20 18:54:05,738] [INFO] [ExploreAPI] Incoming request: GET /mkt/nifty50
[2025-08-20 18:54:05,747] [INFO] [ExploreAPI] Incoming request: GET /mkt/banknifty
[2025-08-20 18:54:05,748] [INFO] [ExploreAPI] Incoming request: GET /mkt/sensex
[2025-08-20 18:54:05,750] [INFO] [ExploreAPI] Incoming request: GET /mkt/midcap
[2025-08-20 18:56:56,789] [INFO] [ExploreAPI] Incoming request: GET /mkt/movers
[2025-08-20 18:56:56,791] [INFO] [ExploreAPI] Incoming request: GET /mkt/sensex
[2025-08-20 18:56:56,791] [INFO] [ExploreAPI] Incoming request: GET /mkt/nifty50
[2025-08-20 18:56:56,801] [INFO] [ExploreAPI] Incoming request: GET /mkt/banknifty
[2025-08-20 18:56:56,802] [INFO] [ExploreAPI] Incoming request: GET /mkt/midcap
[2025-08-20 18:58:05,718] [INFO] [ExploreAPI] Incoming request: GET /mkt/movers
[2025-08-20 18:58:05,721] [INFO] [ExploreAPI] Incoming request: GET /mkt/banknifty
[2025-08-20 18:58:05,722] [INFO] [ExploreAPI] Incoming request: GET /mkt/nifty50
[2025-08-20 18:58:05,722] [INFO] [ExploreAPI] Incoming request: GET /mkt/sensex
[2025-08-20 18:58:06,382] [INFO] [ExploreAPI] Incoming request: GET /mkt/midcap
[2025-08-20 18:59:05,443] [INFO] [ExploreAPI] Incoming request: GET /mkt/movers
[2025-08-20 18:59:05,450] [INFO] [ExploreAPI] Incoming request: GET /mkt/midcap
[2025-08-20 18:59:05,455] [INFO] [ExploreAPI] Incoming request: GET /mkt/nifty50
[2025-08-20 18:59:05,461] [INFO] [ExploreAPI] Incoming request: GET /mkt/sensex
[2025-08-20 18:59:05,465] [INFO] [ExploreAPI] Incoming request: GET /mkt/banknifty
[2025-08-20 19:00:05,412] [INFO] [ExploreAPI] Incoming request: GET /mkt/movers
[2025-08-20 19:00:05,414] [INFO] [ExploreAPI] Incoming request: GET /mkt/nifty50
[2025-08-20 19:00:07,367] [INFO] [ExploreAPI] Incoming request: GET /mkt/banknifty
[2025-08-20 19:00:07,368] [INFO] [ExploreAPI] Incoming request: GET /mkt/sensex
[2025-08-20 19:00:07,368] [INFO] [ExploreAPI] Incoming request: GET /mkt/midcap
[2025-08-20 19:01:05,730] [INFO] [ExploreAPI] Incoming request: GET /mkt/movers
[2025-08-20 19:01:05,733] [INFO] [ExploreAPI] Incoming request: GET /mkt/nifty50
[2025-08-20 19:01:12,504] [INFO] [ExploreAPI] Incoming request: GET /mkt/sensex
[2025-08-20 19:01:18,919] [INFO] [ExploreAPI] Incoming request: GET /mkt/banknifty
[2025-08-20 19:01:23,936] [INFO] [ExploreAPI] Incoming request: GET /mkt/midcap
[2025-08-20 19:01:36,796] [INFO] [ExploreAPI] Incoming request: GET /mkt/movers
[2025-08-20 19:01:36,801] [INFO] [ExploreAPI] Incoming request: GET /mkt/nifty50
[2025-08-20 19:01:36,804] [INFO] [ExploreAPI] Incoming request: GET /mkt/sensex
[2025-08-20 19:01:36,806] [INFO] [ExploreAPI] Incoming request: GET /mkt/banknifty
[2025-08-20 19:01:36,808] [INFO] [ExploreAPI] Incoming request: GET /mkt/midcap
[2025-08-20 19:01:36,810] [INFO] [ExploreAPI] Incoming request: GET /mkt/movers
[2025-08-20 19:01:36,813] [INFO] [ExploreAPI] Incoming request: GET /mkt/nifty50
[2025-08-20 19:01:36,817] [INFO] [ExploreAPI] Incoming request: GET /mkt/sensex
[2025-08-20 19:01:36,819] [INFO] [ExploreAPI] Incoming request: GET /mkt/banknifty
[2025-08-20 19:01:36,822] [INFO] [ExploreAPI] Incoming request: GET /mkt/midcap
[2025-08-20 19:02:37,722] [INFO] [ExploreAPI] Incoming request: GET /mkt/movers
[2025-08-20 19:02:37,728] [INFO] [ExploreAPI] Incoming request: GET /mkt/nifty50
[2025-08-20 19:02:37,728] [INFO] [ExploreAPI] Incoming request: GET /mkt/sensex
[2025-08-20 19:02:38,205] [INFO] [ExploreAPI] Incoming request: GET /mkt/midcap
[2025-08-20 19:02:38,206] [INFO] [ExploreAPI] Incoming request: GET /mkt/banknifty
[2025-08-20 19:03:37,424] [INFO] [ExploreAPI] Incoming request: GET /mkt/movers
[2025-08-20 19:03:37,431] [INFO] [ExploreAPI] Incoming request: GET /mkt/nifty50
[2025-08-20 19:03:37,436] [INFO] [ExploreAPI] Incoming request: GET /mkt/sensex
[2025-08-20 19:03:37,440] [INFO] [ExploreAPI] Incoming request: GET /mkt/banknifty
[2025-08-20 19:03:37,444] [INFO] [ExploreAPI] Incoming request: GET /mkt/midcap
[2025-08-20 19:04:37,418] [INFO] [ExploreAPI] Incoming request: GET /mkt/movers
[2025-08-20 19:04:37,423] [INFO] [ExploreAPI] Incoming request: GET /mkt/nifty50
[2025-08-20 19:04:37,780] [INFO] [ExploreAPI] Incoming request: GET /mkt/banknifty
[2025-08-20 19:04:37,781] [INFO] [ExploreAPI] Incoming request: GET /mkt/sensex
[2025-08-20 19:04:38,262] [INFO] [ExploreAPI] Incoming request: GET /mkt/midcap
[2025-08-20 19:05:37,734] [INFO] [ExploreAPI] Incoming request: GET /mkt/movers
[2025-08-20 19:05:37,737] [INFO] [ExploreAPI] Incoming request: GET /mkt/nifty50
[2025-08-20 19:05:37,959] [INFO] [ExploreAPI] Incoming request: GET /mkt/banknifty
[2025-08-20 19:05:37,959] [INFO] [ExploreAPI] Incoming request: GET /mkt/sensex
[2025-08-20 19:05:37,960] [INFO] [ExploreAPI] Incoming request: GET /mkt/midcap
[2025-08-20 19:06:37,432] [INFO] [ExploreAPI] Incoming request: GET /mkt/movers
[2025-08-20 19:06:37,439] [INFO] [ExploreAPI] Incoming request: GET /mkt/nifty50
[2025-08-20 19:06:37,443] [INFO] [ExploreAPI] Incoming request: GET /mkt/sensex
[2025-08-20 19:06:37,447] [INFO] [ExploreAPI] Incoming request: GET /mkt/banknifty
[2025-08-20 19:06:37,452] [INFO] [ExploreAPI] Incoming request: GET /mkt/midcap
[2025-08-20 19:07:37,413] [INFO] [ExploreAPI] Incoming request: GET /mkt/movers
[2025-08-20 19:07:37,418] [INFO] [ExploreAPI] Incoming request: GET /mkt/nifty50
[2025-08-20 19:07:37,743] [INFO] [ExploreAPI] Incoming request: GET /mkt/sensex
[2025-08-20 19:07:37,959] [INFO] [ExploreAPI] Incoming request: GET /mkt/banknifty
[2025-08-20 19:07:37,959] [INFO] [ExploreAPI] Incoming request: GET /mkt/midcap
[2025-08-20 19:09:05,739] [INFO] [ExploreAPI] Incoming request: GET /mkt/movers
[2025-08-20 19:09:13,115] [INFO] [ExploreAPI] Incoming request: GET /mkt/banknifty
[2025-08-20 19:09:13,115] [INFO] [ExploreAPI] Incoming request: GET /mkt/nifty50
[2025-08-20 19:09:13,116] [INFO] [ExploreAPI] Incoming request: GET /mkt/sensex
[2025-08-20 19:09:13,831] [INFO] [ExploreAPI] Incoming request: GET /mkt/midcap
[2025-08-20 19:10:05,423] [INFO] [ExploreAPI] Incoming request: GET /mkt/movers
[2025-08-20 19:10:05,430] [INFO] [ExploreAPI] Incoming request: GET /mkt/midcap
[2025-08-20 19:10:05,435] [INFO] [ExploreAPI] Incoming request: GET /mkt/nifty50
[2025-08-20 19:10:05,440] [INFO] [ExploreAPI] Incoming request: GET /mkt/sensex
[2025-08-20 19:10:05,444] [INFO] [ExploreAPI] Incoming request: GET /mkt/banknifty
[2025-08-20 19:11:05,413] [INFO] [ExploreAPI] Incoming request: GET /mkt/movers
[2025-08-20 19:11:05,415] [INFO] [ExploreAPI] Incoming request: GET /mkt/nifty50
[2025-08-20 19:11:05,790] [INFO] [ExploreAPI] Incoming request: GET /mkt/sensex
[2025-08-20 19:11:05,964] [INFO] [ExploreAPI] Incoming request: GET /mkt/banknifty
[2025-08-20 19:11:05,965] [INFO] [ExploreAPI] Incoming request: GET /mkt/midcap
[2025-08-20 19:20:03,512] [INFO] [ExploreAPI] Incoming request: GET /mkt/movers
[2025-08-20 19:20:03,524] [INFO] [ExploreAPI] Incoming request: GET /mkt/nifty50
[2025-08-20 19:20:04,141] [INFO] [ExploreAPI] Incoming request: GET /mkt/sensex
[2025-08-20 19:20:04,371] [INFO] [ExploreAPI] Incoming request: GET /mkt/banknifty
[2025-08-20 19:20:04,581] [INFO] [ExploreAPI] Incoming request: GET /mkt/midcap
[2025-08-20 19:21:05,736] [INFO] [ExploreAPI] Incoming request: GET /mkt/midcap
[2025-08-20 19:21:05,965] [INFO] [ExploreAPI] Incoming request: GET /mkt/nifty50
[2025-08-20 19:21:05,965] [INFO] [ExploreAPI] Incoming request: GET /mkt/movers
[2025-08-20 19:21:06,156] [INFO] [ExploreAPI] Incoming request: GET /mkt/sensex
[2025-08-20 19:21:06,339] [INFO] [ExploreAPI] Incoming request: GET /mkt/banknifty
[2025-08-20 19:22:05,425] [INFO] [ExploreAPI] Incoming request: GET /mkt/movers
[2025-08-20 19:22:05,429] [INFO] [ExploreAPI] Incoming request: GET /mkt/nifty50
[2025-08-20 19:22:05,434] [INFO] [ExploreAPI] Incoming request: GET /mkt/sensex
[2025-08-20 19:22:05,439] [INFO] [ExploreAPI] Incoming request: GET /mkt/banknifty
[2025-08-20 19:22:05,444] [INFO] [ExploreAPI] Incoming request: GET /mkt/midcap
[2025-08-20 19:23:05,427] [INFO] [ExploreAPI] Incoming request: GET /mkt/movers
[2025-08-20 19:23:05,430] [INFO] [ExploreAPI] Incoming request: GET /mkt/nifty50
[2025-08-20 19:23:05,950] [INFO] [ExploreAPI] Incoming request: GET /mkt/sensex
[2025-08-20 19:23:05,950] [INFO] [ExploreAPI] Incoming request: GET /mkt/banknifty
[2025-08-20 19:23:06,558] [INFO] [ExploreAPI] Incoming request: GET /mkt/midcap
[2025-08-20 19:24:05,732] [INFO] [ExploreAPI] Incoming request: GET /mkt/movers
[2025-08-20 19:24:05,736] [INFO] [ExploreAPI] Incoming request: GET /mkt/nifty50
[2025-08-20 19:24:06,004] [INFO] [ExploreAPI] Incoming request: GET /mkt/sensex
[2025-08-20 19:24:06,004] [INFO] [ExploreAPI] Incoming request: GET /mkt/midcap
[2025-08-20 19:24:06,005] [INFO] [ExploreAPI] Incoming request: GET /mkt/banknifty
[2025-08-20 19:25:05,418] [INFO] [ExploreAPI] Incoming request: GET /mkt/movers
[2025-08-20 19:25:05,422] [INFO] [ExploreAPI] Incoming request: GET /mkt/nifty50
[2025-08-20 19:25:05,426] [INFO] [ExploreAPI] Incoming request: GET /mkt/sensex
[2025-08-20 19:25:05,431] [INFO] [ExploreAPI] Incoming request: GET /mkt/banknifty
[2025-08-20 19:25:05,436] [INFO] [ExploreAPI] Incoming request: GET /mkt/midcap
[2025-08-20 19:45:45,575] [INFO] [ExploreAPI] Incoming request: GET /mkt/movers
[2025-08-20 19:45:51,831] [INFO] [ExploreAPI] Incoming request: GET /mkt/nifty50
[2025-08-20 19:45:51,832] [INFO] [ExploreAPI] Incoming request: GET /mkt/midcap
[2025-08-20 19:45:51,832] [INFO] [ExploreAPI] Incoming request: GET /mkt/banknifty
[2025-08-20 19:45:51,832] [INFO] [ExploreAPI] Incoming request: GET /mkt/sensex
[2025-08-20 19:45:55,892] [INFO] [ExploreAPI] Incoming request: GET /mkt/movers
[2025-08-20 19:45:55,896] [INFO] [ExploreAPI] Incoming request: GET /mkt/banknifty
[2025-08-20 19:45:55,897] [INFO] [ExploreAPI] Incoming request: GET /mkt/sensex
[2025-08-20 19:45:55,898] [INFO] [ExploreAPI] Incoming request: GET /mkt/midcap
[2025-08-20 19:45:55,899] [INFO] [ExploreAPI] Incoming request: GET /mkt/nifty50
[2025-08-20 19:45:55,906] [INFO] [ExploreAPI] Incoming request: GET /mkt/movers
[2025-08-20 19:45:55,912] [INFO] [ExploreAPI] Incoming request: GET /mkt/banknifty
[2025-08-20 19:45:55,913] [INFO] [ExploreAPI] Incoming request: GET /mkt/nifty50
[2025-08-20 19:45:55,916] [INFO] [ExploreAPI] Incoming request: GET /mkt/midcap
[2025-08-20 19:45:55,917] [INFO] [ExploreAPI] Incoming request: GET /mkt/sensex
[2025-08-20 19:46:04,195] [INFO] [ExploreAPI] Incoming request: GET /api/history/LODHA
[2025-08-20 19:46:04,196] [INFO] [ExploreAPI] Fetching 5y history for LODHA
[2025-08-20 19:46:04,759] [INFO] [ExploreAPI] Incoming request: GET /api/history/LODHA
[2025-08-20 19:46:04,760] [INFO] [ExploreAPI] Fetching 5y history for LODHA
[2025-08-20 19:51:04,772] [INFO] [ExploreAPI] Incoming request: GET /api/history/LODHA
[2025-08-20 19:51:04,773] [INFO] [ExploreAPI] Fetching 5y history for LODHA
[2025-08-20 19:53:05,757] [INFO] [ExploreAPI] Incoming request: GET /api/history/LODHA
[2025-08-20 19:53:05,758] [INFO] [ExploreAPI] Fetching 5y history for LODHA
[2025-08-20 19:54:14,148] [INFO] [ExploreAPI] Incoming request: GET /mkt/movers
[2025-08-20 19:54:14,150] [INFO] [ExploreAPI] Incoming request: GET /mkt/nifty50
[2025-08-20 19:54:14,151] [INFO] [ExploreAPI] Incoming request: GET /mkt/sensex
[2025-08-20 19:54:14,658] [INFO] [ExploreAPI] Incoming request: GET /mkt/banknifty
[2025-08-20 19:54:14,659] [INFO] [ExploreAPI] Incoming request: GET /mkt/midcap
[2025-08-20 19:54:14,955] [INFO] [ExploreAPI] Incoming request: GET /mkt/movers
[2025-08-20 19:54:14,957] [INFO] [ExploreAPI] Incoming request: GET /mkt/nifty50
[2025-08-20 19:54:14,958] [INFO] [ExploreAPI] Incoming request: GET /mkt/sensex
[2025-08-20 19:54:14,959] [INFO] [ExploreAPI] Incoming request: GET /mkt/banknifty
[2025-08-20 19:54:14,961] [INFO] [ExploreAPI] Incoming request: GET /mkt/midcap
[2025-08-20 19:54:21,822] [INFO] [ExploreAPI] Incoming request: GET /api/history/INFY
[2025-08-20 19:54:21,823] [INFO] [ExploreAPI] Fetching 5y history for INFY
[2025-08-20 19:54:22,185] [INFO] [ExploreAPI] Incoming request: GET /api/history/INFY
[2025-08-20 19:54:22,187] [INFO] [ExploreAPI] Fetching 5y history for INFY
[2025-08-20 19:54:39,786] [INFO] [ExploreAPI] Incoming request: GET /api/history/INFY
[2025-08-20 19:54:39,790] [INFO] [ExploreAPI] Fetching 5y history for INFY
[2025-08-20 19:54:40,372] [INFO] [ExploreAPI] Incoming request: GET /api/history/INFY
[2025-08-20 19:54:40,373] [INFO] [ExploreAPI] Fetching 5y history for INFY
[2025-08-20 21:25:10,781] [INFO] [ExploreAPI] Incoming request: GET /api/history/INFY
[2025-08-20 21:25:10,782] [INFO] [ExploreAPI] Fetching 5y history for INFY
[2025-08-20 21:25:11,193] [INFO] [ExploreAPI] Incoming request: GET /api/history/INFY
[2025-08-20 21:25:11,194] [INFO] [ExploreAPI] Fetching 5y history for INFY
[2025-08-20 21:32:15,764] [INFO] [ExploreAPI] Incoming request: GET /api/history/INFY
[2025-08-20 21:32:15,766] [INFO] [ExploreAPI] Fetching 5y history for INFY
[2025-08-20 21:32:21,953] [INFO] [ExploreAPI] Incoming request: GET /api/history/INFY
[2025-08-20 21:32:21,955] [INFO] [ExploreAPI] Fetching 5y history for INFY
[2025-08-20 21:35:06,740] [INFO] [ExploreAPI] Incoming request: GET /api/history/INFY
[2025-08-20 21:35:06,742] [INFO] [ExploreAPI] Fetching 5y history for INFY
[2025-08-20 22:10:30,603] [INFO] [ExploreAPI] Incoming request: GET /api/history/INFY
[2025-08-20 22:10:30,604] [INFO] [ExploreAPI] Fetching 5y history for INFY
[2025-08-20 22:10:31,118] [INFO] [ExploreAPI] Incoming request: GET /api/history/INFY
[2025-08-20 22:10:31,120] [INFO] [ExploreAPI] Fetching 5y history for INFY
[2025-08-20 22:10:56,731] [INFO] [ExploreAPI] Incoming request: GET /api/history/INFY
[2025-08-20 22:10:56,733] [INFO] [ExploreAPI] Fetching 5y history for INFY
[2025-08-20 22:24:24,120] [INFO] [ExploreAPI] Incoming request: GET /api/history/INFY
[2025-08-20 22:24:24,124] [INFO] [ExploreAPI] Fetching 5y history for INFY
[2025-08-20 22:24:24,901] [INFO] [ExploreAPI] Incoming request: GET /api/history/INFY
[2025-08-20 22:24:24,902] [INFO] [ExploreAPI] Fetching 5y history for INFY
[2025-08-21 19:58:14,422] [INFO] [ExploreAPI] Incoming request: GET /mkt/banknifty
[2025-08-21 19:58:14,427] [INFO] [ExploreAPI] Incoming request: GET /mkt/movers
[2025-08-21 19:58:37,458] [INFO] [ExploreAPI] Incoming request: GET /mkt/nifty50
[2025-08-21 19:58:37,719] [INFO] [ExploreAPI] Incoming request: GET /mkt/sensex
[2025-08-21 19:58:37,720] [INFO] [ExploreAPI] Incoming request: GET /mkt/midcap
[2025-08-21 19:58:38,213] [INFO] [ExploreAPI] Incoming request: GET /mkt/banknifty
[2025-08-21 19:58:38,213] [INFO] [ExploreAPI] Incoming request: GET /mkt/nifty50
[2025-08-21 19:58:38,214] [INFO] [ExploreAPI] Incoming request: GET /mkt/movers
[2025-08-21 19:58:38,222] [INFO] [ExploreAPI] Incoming request: GET /mkt/sensex
[2025-08-21 19:58:38,226] [INFO] [ExploreAPI] Incoming request: GET /mkt/midcap
[2025-08-21 19:59:15,023] [INFO] [ExploreAPI] Incoming request: GET /mkt/movers
[2025-08-21 19:59:15,026] [INFO] [ExploreAPI] Incoming request: GET /mkt/nifty50
[2025-08-21 19:59:15,028] [INFO] [ExploreAPI] Incoming request: GET /mkt/sensex
[2025-08-21 19:59:15,029] [INFO] [ExploreAPI] Incoming request: GET /mkt/midcap
[2025-08-21 19:59:15,029] [INFO] [ExploreAPI] Incoming request: GET /mkt/banknifty
[2025-08-21 20:00:14,706] [INFO] [ExploreAPI] Incoming request: GET /mkt/movers
[2025-08-21 20:00:14,712] [INFO] [ExploreAPI] Incoming request: GET /mkt/nifty50
[2025-08-21 20:00:15,539] [INFO] [ExploreAPI] Incoming request: GET /mkt/banknifty
[2025-08-21 20:00:15,540] [INFO] [ExploreAPI] Incoming request: GET /mkt/sensex
[2025-08-21 20:00:15,541] [INFO] [ExploreAPI] Incoming request: GET /mkt/midcap
[2025-08-21 20:00:46,106] [INFO] [ExploreAPI] Incoming request: GET /api/history/CIPLA
[2025-08-21 20:00:46,111] [INFO] [ExploreAPI] Fetching 5y history for CIPLA
[2025-08-21 20:00:46,916] [INFO] [ExploreAPI] Incoming request: GET /api/history/CIPLA
[2025-08-21 20:00:46,917] [INFO] [ExploreAPI] Fetching 5y history for CIPLA
[2025-08-21 20:08:40,107] [INFO] [ExploreAPI] Incoming request: GET /mkt/movers
[2025-08-21 20:08:40,109] [INFO] [ExploreAPI] Incoming request: GET /mkt/nifty50
[2025-08-21 20:08:40,638] [INFO] [ExploreAPI] Incoming request: GET /mkt/sensex
[2025-08-21 20:08:40,816] [INFO] [ExploreAPI] Incoming request: GET /mkt/midcap
[2025-08-21 20:08:41,229] [INFO] [ExploreAPI] Incoming request: GET /mkt/banknifty
[2025-08-21 20:08:41,495] [INFO] [ExploreAPI] Incoming request: GET /mkt/movers
[2025-08-21 20:08:41,497] [INFO] [ExploreAPI] Incoming request: GET /mkt/nifty50
[2025-08-21 20:08:41,501] [INFO] [ExploreAPI] Incoming request: GET /mkt/sensex
[2025-08-21 20:08:41,506] [INFO] [ExploreAPI] Incoming request: GET /mkt/midcap
[2025-08-21 20:08:41,508] [INFO] [ExploreAPI] Incoming request: GET /mkt/banknifty
[2025-08-21 20:08:44,868] [INFO] [ExploreAPI] Incoming request: GET /api/history/LEMONTREE
[2025-08-21 20:08:44,871] [INFO] [ExploreAPI] Fetching 5y history for LEMONTREE
[2025-08-21 20:08:45,513] [INFO] [ExploreAPI] Incoming request: GET /api/history/LEMONTREE
[2025-08-21 20:08:45,514] [INFO] [ExploreAPI] Fetching 5y history for LEMONTREE
[2025-08-21 20:09:02,290] [INFO] [ExploreAPI] Incoming request: GET /mkt/movers
[2025-08-21 20:09:02,300] [INFO] [ExploreAPI] Incoming request: GET /mkt/nifty50
[2025-08-21 20:09:02,302] [INFO] [ExploreAPI] Incoming request: GET /mkt/sensex
[2025-08-21 20:09:02,308] [INFO] [ExploreAPI] Incoming request: GET /mkt/midcap
[2025-08-21 20:09:02,310] [INFO] [ExploreAPI] Incoming request: GET /mkt/movers
[2025-08-21 20:09:02,313] [INFO] [ExploreAPI] Incoming request: GET /mkt/banknifty
[2025-08-21 20:09:02,334] [INFO] [ExploreAPI] Incoming request: GET /mkt/nifty50
[2025-08-21 20:09:02,337] [INFO] [ExploreAPI] Incoming request: GET /mkt/sensex
[2025-08-21 20:09:02,340] [INFO] [ExploreAPI] Incoming request: GET /mkt/midcap
[2025-08-21 20:09:02,342] [INFO] [ExploreAPI] Incoming request: GET /mkt/banknifty
[2025-08-21 20:09:04,797] [INFO] [ExploreAPI] Incoming request: GET /api/history/MANKIND
[2025-08-21 20:09:04,798] [INFO] [ExploreAPI] Fetching 5y history for MANKIND
[2025-08-21 20:09:05,062] [INFO] [ExploreAPI] Incoming request: GET /api/history/MANKIND
[2025-08-21 20:09:05,064] [INFO] [ExploreAPI] Fetching 5y history for MANKIND
[2025-08-21 20:13:46,695] [INFO] [ExploreAPI] Incoming request: GET /mkt/movers
[2025-08-21 20:13:46,698] [INFO] [ExploreAPI] Incoming request: GET /mkt/midcap
[2025-08-21 20:13:46,698] [INFO] [ExploreAPI] Incoming request: GET /mkt/nifty50
[2025-08-21 20:13:46,699] [INFO] [ExploreAPI] Incoming request: GET /mkt/banknifty
[2025-08-21 20:13:46,700] [INFO] [ExploreAPI] Incoming request: GET /mkt/sensex
[2025-08-21 20:13:47,684] [INFO] [ExploreAPI] Incoming request: GET /mkt/midcap
[2025-08-21 20:13:47,687] [INFO] [ExploreAPI] Incoming request: GET /mkt/nifty50
[2025-08-21 20:13:47,688] [INFO] [ExploreAPI] Incoming request: GET /mkt/movers
[2025-08-21 20:13:47,690] [INFO] [ExploreAPI] Incoming request: GET /mkt/banknifty
[2025-08-21 20:13:47,694] [INFO] [ExploreAPI] Incoming request: GET /mkt/sensex
[2025-08-21 20:13:50,304] [INFO] [ExploreAPI] Incoming request: GET /api/history/LEMONTREE
[2025-08-21 20:13:50,310] [INFO] [ExploreAPI] Fetching 5y history for LEMONTREE
[2025-08-21 20:13:50,812] [INFO] [ExploreAPI] Incoming request: GET /api/history/LEMONTREE
[2025-08-21 20:13:50,817] [INFO] [ExploreAPI] Fetching 5y history for LEMONTREE
[2025-08-21 21:38:28,449] [INFO] [ExploreAPI] Incoming request: GET /api/history/LEMONTREE
[2025-08-21 21:38:28,450] [INFO] [ExploreAPI] Fetching 5y history for LEMONTREE
[2025-08-21 21:38:28,459] [INFO] [ExploreAPI] Incoming request: GET /api/history/LEMONTREE
[2025-08-21 21:38:28,461] [INFO] [ExploreAPI] Fetching 5y history for LEMONTREE
[2025-08-21 22:55:21,728] [INFO] [ExploreAPI] Incoming request: GET /api/history/LEMONTREE
[2025-08-21 22:55:21,731] [INFO] [ExploreAPI] Fetching 5y history for LEMONTREE
[2025-08-21 22:55:21,752] [INFO] [ExploreAPI] Incoming request: GET /api/history/LEMONTREE
[2025-08-21 22:55:21,754] [INFO] [ExploreAPI] Fetching 5y history for LEMONTREE
[2025-08-21 22:57:50,628] [INFO] [ExploreAPI] Incoming request: GET /mkt/movers
[2025-08-21 22:58:00,543] [INFO] [ExploreAPI] Incoming request: GET /mkt/sensex
[2025-08-21 22:58:00,939] [INFO] [ExploreAPI] Incoming request: GET /mkt/nifty50
[2025-08-21 22:58:02,154] [INFO] [ExploreAPI] Incoming request: GET /mkt/movers
[2025-08-21 22:58:02,158] [INFO] [ExploreAPI] Incoming request: GET /mkt/sensex
[2025-08-21 22:58:02,159] [INFO] [ExploreAPI] Incoming request: GET /mkt/midcap
[2025-08-21 22:58:02,160] [INFO] [ExploreAPI] Incoming request: GET /mkt/banknifty
[2025-08-21 22:58:02,161] [INFO] [ExploreAPI] Incoming request: GET /mkt/nifty50
[2025-08-21 22:58:02,491] [INFO] [ExploreAPI] Incoming request: GET /mkt/sensex
[2025-08-21 22:58:02,493] [INFO] [ExploreAPI] Incoming request: GET /mkt/movers
[2025-08-21 22:58:02,495] [INFO] [ExploreAPI] Incoming request: GET /mkt/midcap
[2025-08-21 22:58:02,495] [INFO] [ExploreAPI] Incoming request: GET /mkt/banknifty
[2025-08-21 22:58:02,496] [INFO] [ExploreAPI] Incoming request: GET /mkt/nifty50
[2025-08-21 22:58:07,363] [INFO] [ExploreAPI] Incoming request: GET /api/history/LEMONTREE
[2025-08-21 22:58:07,369] [INFO] [ExploreAPI] Fetching 5y history for LEMONTREE
[2025-08-21 22:58:07,880] [INFO] [ExploreAPI] Incoming request: GET /api/history/LEMONTREE
[2025-08-21 22:58:07,881] [INFO] [ExploreAPI] Fetching 5y history for LEMONTREE
[2025-08-21 23:40:12,072] [INFO] [ExploreAPI] Incoming request: GET /api/fundamentals/LEMONTREE
[2025-08-21 23:40:12,076] [INFO] [ExploreAPI] Incoming request: GET /api/history/LEMONTREE
[2025-08-21 23:40:12,087] [INFO] [ExploreAPI] Fetching 5y history for LEMONTREE
[2025-08-21 23:46:43,575] [INFO] [ExploreAPI] Incoming request: GET /api/history/LEMONTREE
[2025-08-21 23:46:43,577] [INFO] [ExploreAPI] Incoming request: GET /api/fundamentals/LEMONTREE
[2025-08-21 23:46:43,579] [INFO] [ExploreAPI] Fetching 5y history for LEMONTREE
[2025-08-21 23:46:43,584] [INFO] [ExploreAPI] Incoming request: GET /api/fundamentals/LEMONTREE
[2025-08-21 23:46:44,130] [INFO] [ExploreAPI] Incoming request: GET /api/history/LEMONTREE
[2025-08-21 23:46:44,131] [INFO] [ExploreAPI] Fetching 5y history for LEMONTREE
[2025-08-21 23:50:24,670] [INFO] [ExploreAPI] Incoming request: GET /api/history/LEMONTREE
[2025-08-21 23:50:24,672] [INFO] [ExploreAPI] Incoming request: GET /api/fundamentals/LEMONTREE
[2025-08-21 23:50:24,674] [INFO] [ExploreAPI] Fetching 5y history for LEMONTREE
[2025-08-21 23:50:24,678] [INFO] [ExploreAPI] Incoming request: GET /api/fundamentals/LEMONTREE
[2025-08-21 23:50:25,237] [INFO] [ExploreAPI] Incoming request: GET /api/history/LEMONTREE
[2025-08-21 23:50:25,239] [INFO] [ExploreAPI] Fetching 5y history for LEMONTREE
[2025-08-21 23:54:04,504] [INFO] [ExploreAPI] Incoming request: GET /api/history/LEMONTREE
[2025-08-21 23:54:04,506] [INFO] [ExploreAPI] Incoming request: GET /api/fundamentals/LEMONTREE
[2025-08-21 23:54:04,507] [INFO] [ExploreAPI] Fetching 5y history for LEMONTREE
[2025-08-21 23:54:05,094] [INFO] [ExploreAPI] Incoming request: GET /api/fundamentals/LEMONTREE
[2025-08-21 23:54:05,096] [INFO] [ExploreAPI] Incoming request: GET /api/history/LEMONTREE
[2025-08-21 23:54:05,097] [INFO] [ExploreAPI] Fetching 5y history for LEMONTREE
[2025-08-21 23:58:02,033] [INFO] [ExploreAPI] Incoming request: GET /api/history/LEMONTREE
[2025-08-21 23:58:02,034] [INFO] [ExploreAPI] Incoming request: GET /api/fundamentals/LEMONTREE
[2025-08-21 23:58:02,034] [INFO] [ExploreAPI] Fetching 5y history for LEMONTREE
[2025-08-21 23:59:40,122] [INFO] [ExploreAPI] Incoming request: GET /api/history/LEMONTREE
[2025-08-21 23:59:40,124] [INFO] [ExploreAPI] Incoming request: GET /api/fundamentals/LEMONTREE
[2025-08-21 23:59:40,126] [INFO] [ExploreAPI] Fetching 5y history for LEMONTREE
[2025-08-21 23:59:40,710] [INFO] [ExploreAPI] Incoming request: GET /api/fundamentals/LEMONTREE
[2025-08-21 23:59:40,712] [INFO] [ExploreAPI] Incoming request: GET /api/history/LEMONTREE
[2025-08-21 23:59:40,717] [INFO] [ExploreAPI] Fetching 5y history for LEMONTREE
[2025-08-22 00:04:47,901] [INFO] [ExploreAPI] Incoming request: GET /api/history/LEMONTREE.NS
[2025-08-22 00:04:47,903] [INFO] [ExploreAPI] Incoming request: GET /api/fundamentals/LEMONTREE.NS
[2025-08-22 00:04:47,906] [INFO] [ExploreAPI] Fetching 5y history for LEMONTREE.NS
[2025-08-22 00:05:07,259] [INFO] [ExploreAPI] Incoming request: GET /api/history/LEMONTREE
[2025-08-22 00:05:07,261] [INFO] [ExploreAPI] Fetching 5y history for LEMONTREE
[2025-08-22 00:05:07,621] [INFO] [ExploreAPI] Incoming request: GET /api/fundamentals/LEMONTREE
[2025-08-22 00:05:27,664] [INFO] [ExploreAPI] Incoming request: GET /api/history/LEMONTREE
[2025-08-22 00:05:27,666] [INFO] [ExploreAPI] Incoming request: GET /api/fundamentals/LEMONTREE
[2025-08-22 00:05:27,668] [INFO] [ExploreAPI] Fetching 5y history for LEMONTREE
[2025-08-22 00:09:25,884] [INFO] [ExploreAPI] Incoming request: GET /mkt/movers
[2025-08-22 00:09:25,886] [INFO] [ExploreAPI] Incoming request: GET /mkt/nifty50
[2025-08-22 00:09:37,019] [INFO] [ExploreAPI] Incoming request: GET /mkt/sensex
[2025-08-22 00:09:37,257] [INFO] [ExploreAPI] Incoming request: GET /mkt/banknifty
[2025-08-22 00:09:37,493] [INFO] [ExploreAPI] Incoming request: GET /mkt/midcap
[2025-08-22 00:09:37,494] [INFO] [ExploreAPI] Incoming request: GET /mkt/movers
[2025-08-22 00:09:37,644] [INFO] [ExploreAPI] Incoming request: GET /mkt/nifty50
[2025-08-22 00:09:37,653] [INFO] [ExploreAPI] Incoming request: GET /mkt/sensex
[2025-08-22 00:09:37,665] [INFO] [ExploreAPI] Incoming request: GET /mkt/banknifty
[2025-08-22 00:09:37,671] [INFO] [ExploreAPI] Incoming request: GET /mkt/midcap
[2025-08-22 00:09:48,285] [INFO] [ExploreAPI] Incoming request: GET /api/history/DRREDDY
[2025-08-22 00:09:48,287] [INFO] [ExploreAPI] Incoming request: GET /api/fundamentals/DRREDDY
[2025-08-22 00:09:48,289] [INFO] [ExploreAPI] Fetching 5y history for DRREDDY
[2025-08-22 00:09:48,293] [INFO] [ExploreAPI] Incoming request: GET /api/fundamentals/DRREDDY
[2025-08-22 00:09:48,803] [INFO] [ExploreAPI] Incoming request: GET /api/history/DRREDDY
[2025-08-22 00:09:48,804] [INFO] [ExploreAPI] Fetching 5y history for DRREDDY
[2025-08-22 00:09:56,749] [INFO] [ExploreAPI] Incoming request: GET /mkt/movers
[2025-08-22 00:09:56,757] [INFO] [ExploreAPI] Incoming request: GET /mkt/nifty50
[2025-08-22 00:09:56,766] [INFO] [ExploreAPI] Incoming request: GET /mkt/movers
[2025-08-22 00:09:56,770] [INFO] [ExploreAPI] Incoming request: GET /mkt/sensex
[2025-08-22 00:09:56,773] [INFO] [ExploreAPI] Incoming request: GET /mkt/banknifty
[2025-08-22 00:09:56,775] [INFO] [ExploreAPI] Incoming request: GET /mkt/midcap
[2025-08-22 00:09:56,778] [INFO] [ExploreAPI] Incoming request: GET /mkt/nifty50
[2025-08-22 00:09:56,783] [INFO] [ExploreAPI] Incoming request: GET /mkt/sensex
[2025-08-22 00:09:56,785] [INFO] [ExploreAPI] Incoming request: GET /mkt/banknifty
[2025-08-22 00:09:56,787] [INFO] [ExploreAPI] Incoming request: GET /mkt/midcap
[2025-08-22 00:10:07,966] [INFO] [ExploreAPI] Incoming request: GET /api/history/SWIGGY
[2025-08-22 00:10:07,967] [INFO] [ExploreAPI] Incoming request: GET /api/fundamentals/SWIGGY
[2025-08-22 00:10:07,970] [INFO] [ExploreAPI] Fetching 5y history for SWIGGY
[2025-08-22 00:10:07,974] [INFO] [ExploreAPI] Incoming request: GET /api/fundamentals/SWIGGY
[2025-08-22 00:10:08,133] [INFO] [ExploreAPI] Incoming request: GET /api/history/SWIGGY
[2025-08-22 00:10:08,135] [INFO] [ExploreAPI] Fetching 5y history for SWIGGY
[2025-08-22 00:10:21,859] [INFO] [ExploreAPI] Incoming request: GET /mkt/movers
[2025-08-22 00:10:21,870] [INFO] [ExploreAPI] Incoming request: GET /mkt/nifty50
[2025-08-22 00:10:21,873] [INFO] [ExploreAPI] Incoming request: GET /mkt/sensex
[2025-08-22 00:10:21,878] [INFO] [ExploreAPI] Incoming request: GET /mkt/banknifty
[2025-08-22 00:10:21,882] [INFO] [ExploreAPI] Incoming request: GET /mkt/midcap
[2025-08-22 00:10:21,886] [INFO] [ExploreAPI] Incoming request: GET /mkt/movers
[2025-08-22 00:10:21,889] [INFO] [ExploreAPI] Incoming request: GET /mkt/nifty50
[2025-08-22 00:10:21,894] [INFO] [ExploreAPI] Incoming request: GET /mkt/sensex
[2025-08-22 00:10:21,896] [INFO] [ExploreAPI] Incoming request: GET /mkt/banknifty
[2025-08-22 00:10:21,898] [INFO] [ExploreAPI] Incoming request: GET /mkt/midcap
[2025-08-22 00:10:40,248] [INFO] [ExploreAPI] Incoming request: GET /api/history/BAJAJ-AUTO
[2025-08-22 00:10:40,249] [INFO] [ExploreAPI] Incoming request: GET /api/fundamentals/BAJAJ-AUTO
[2025-08-22 00:10:40,250] [INFO] [ExploreAPI] Fetching 5y history for BAJAJ-AUTO
[2025-08-22 00:10:40,252] [INFO] [ExploreAPI] Incoming request: GET /api/fundamentals/BAJAJ-AUTO
[2025-08-22 00:10:40,558] [INFO] [ExploreAPI] Incoming request: GET /api/history/BAJAJ-AUTO
[2025-08-22 00:10:40,559] [INFO] [ExploreAPI] Fetching 5y history for BAJAJ-AUTO
[2025-08-22 00:10:43,988] [INFO] [ExploreAPI] Incoming request: GET /mkt/movers
[2025-08-22 00:10:43,991] [INFO] [ExploreAPI] Incoming request: GET /mkt/sensex
[2025-08-22 00:10:43,991] [INFO] [ExploreAPI] Incoming request: GET /mkt/nifty50
[2025-08-22 00:10:44,370] [INFO] [ExploreAPI] Incoming request: GET /mkt/midcap
[2025-08-22 00:10:44,370] [INFO] [ExploreAPI] Incoming request: GET /mkt/banknifty
[2025-08-22 00:10:44,850] [INFO] [ExploreAPI] Incoming request: GET /mkt/movers
[2025-08-22 00:10:44,854] [INFO] [ExploreAPI] Incoming request: GET /mkt/sensex
[2025-08-22 00:10:44,854] [INFO] [ExploreAPI] Incoming request: GET /mkt/nifty50
[2025-08-22 00:10:44,858] [INFO] [ExploreAPI] Incoming request: GET /mkt/midcap
[2025-08-22 00:10:44,859] [INFO] [ExploreAPI] Incoming request: GET /mkt/banknifty
[2025-08-22 00:10:56,656] [INFO] [ExploreAPI] Incoming request: GET /api/history/RAYMONDLSL
[2025-08-22 00:10:56,660] [INFO] [ExploreAPI] Fetching 5y history for RAYMONDLSL
[2025-08-22 00:10:56,827] [INFO] [ExploreAPI] Incoming request: GET /api/fundamentals/RAYMONDLSL
[2025-08-22 00:10:56,832] [INFO] [ExploreAPI] Incoming request: GET /api/history/RAYMONDLSL
[2025-08-22 00:10:56,833] [INFO] [ExploreAPI] Fetching 5y history for RAYMONDLSL
[2025-08-22 00:10:56,905] [INFO] [ExploreAPI] Incoming request: GET /api/fundamentals/RAYMONDLSL
[2025-08-22 00:10:59,867] [INFO] [ExploreAPI] Incoming request: GET /mkt/movers
[2025-08-22 00:10:59,872] [INFO] [ExploreAPI] Incoming request: GET /mkt/nifty50
[2025-08-22 00:10:59,874] [INFO] [ExploreAPI] Incoming request: GET /mkt/sensex
[2025-08-22 00:10:59,875] [INFO] [ExploreAPI] Incoming request: GET /mkt/midcap
[2025-08-22 00:10:59,876] [INFO] [ExploreAPI] Incoming request: GET /mkt/banknifty
[2025-08-22 00:10:59,879] [INFO] [ExploreAPI] Incoming request: GET /mkt/movers
[2025-08-22 00:10:59,882] [INFO] [ExploreAPI] Incoming request: GET /mkt/nifty50
[2025-08-22 00:10:59,883] [INFO] [ExploreAPI] Incoming request: GET /mkt/midcap
[2025-08-22 00:10:59,884] [INFO] [ExploreAPI] Incoming request: GET /mkt/sensex
[2025-08-22 00:10:59,886] [INFO] [ExploreAPI] Incoming request: GET /mkt/banknifty
[2025-08-22 00:11:07,043] [INFO] [ExploreAPI] Incoming request: GET /api/history/DABUR
[2025-08-22 00:11:07,045] [INFO] [ExploreAPI] Incoming request: GET /api/fundamentals/DABUR
[2025-08-22 00:11:07,047] [INFO] [ExploreAPI] Fetching 5y history for DABUR
[2025-08-22 00:11:07,050] [INFO] [ExploreAPI] Incoming request: GET /api/fundamentals/DABUR
[2025-08-22 00:11:07,355] [INFO] [ExploreAPI] Incoming request: GET /api/history/DABUR
[2025-08-22 00:11:07,356] [INFO] [ExploreAPI] Fetching 5y history for DABUR
[2025-08-22 00:11:27,041] [INFO] [ExploreAPI] Incoming request: GET /mkt/movers
[2025-08-22 00:11:27,045] [INFO] [ExploreAPI] Incoming request: GET /mkt/nifty50
[2025-08-22 00:11:27,046] [INFO] [ExploreAPI] Incoming request: GET /mkt/sensex
[2025-08-22 00:11:27,049] [INFO] [ExploreAPI] Incoming request: GET /mkt/midcap
[2025-08-22 00:11:27,050] [INFO] [ExploreAPI] Incoming request: GET /mkt/banknifty
[2025-08-22 00:11:27,057] [INFO] [ExploreAPI] Incoming request: GET /mkt/movers
[2025-08-22 00:11:27,059] [INFO] [ExploreAPI] Incoming request: GET /mkt/nifty50
[2025-08-22 00:11:27,061] [INFO] [ExploreAPI] Incoming request: GET /mkt/midcap
[2025-08-22 00:11:27,061] [INFO] [ExploreAPI] Incoming request: GET /mkt/banknifty
[2025-08-22 00:11:27,061] [INFO] [ExploreAPI] Incoming request: GET /mkt/sensex
[2025-08-22 00:11:44,395] [INFO] [ExploreAPI] Incoming request: GET /api/history/JKCEMENT
[2025-08-22 00:11:44,396] [INFO] [ExploreAPI] Fetching 5y history for JKCEMENT
[2025-08-22 00:11:44,712] [INFO] [ExploreAPI] Incoming request: GET /api/fundamentals/JKCEMENT
[2025-08-22 00:11:44,717] [INFO] [ExploreAPI] Incoming request: GET /api/fundamentals/JKCEMENT
[2025-08-22 00:11:44,812] [INFO] [ExploreAPI] Incoming request: GET /api/history/JKCEMENT
[2025-08-22 00:11:44,813] [INFO] [ExploreAPI] Fetching 5y history for JKCEMENT
[2025-08-22 00:11:56,619] [INFO] [ExploreAPI] Incoming request: GET /mkt/movers
[2025-08-22 00:11:56,628] [INFO] [ExploreAPI] Incoming request: GET /mkt/nifty50
[2025-08-22 00:11:56,757] [INFO] [ExploreAPI] Incoming request: GET /mkt/sensex
[2025-08-22 00:11:56,898] [INFO] [ExploreAPI] Incoming request: GET /mkt/midcap
[2025-08-22 00:11:56,898] [INFO] [ExploreAPI] Incoming request: GET /mkt/banknifty
[2025-08-22 00:11:56,899] [INFO] [ExploreAPI] Incoming request: GET /mkt/movers
[2025-08-22 00:11:57,257] [INFO] [ExploreAPI] Incoming request: GET /mkt/sensex
[2025-08-22 00:11:57,257] [INFO] [ExploreAPI] Incoming request: GET /mkt/midcap
[2025-08-22 00:11:57,258] [INFO] [ExploreAPI] Incoming request: GET /mkt/nifty50
[2025-08-22 00:11:57,259] [INFO] [ExploreAPI] Incoming request: GET /mkt/banknifty
[2025-08-22 00:12:05,863] [INFO] [ExploreAPI] Incoming request: GET /api/history/ANGELONE
[2025-08-22 00:12:05,865] [INFO] [ExploreAPI] Incoming request: GET /api/fundamentals/ANGELONE
[2025-08-22 00:12:05,866] [INFO] [ExploreAPI] Fetching 5y history for ANGELONE
[2025-08-22 00:12:05,869] [INFO] [ExploreAPI] Incoming request: GET /api/fundamentals/ANGELONE
[2025-08-22 00:12:06,219] [INFO] [ExploreAPI] Incoming request: GET /api/history/ANGELONE
[2025-08-22 00:12:06,220] [INFO] [ExploreAPI] Fetching 5y history for ANGELONE
[2025-08-22 17:10:32,217] [INFO] [ExploreAPI] Incoming request: GET /mkt/movers
[2025-08-22 17:10:32,218] [INFO] [ExploreAPI] Incoming request: GET /mkt/nifty50
[2025-08-22 17:10:48,586] [INFO] [ExploreAPI] Incoming request: GET /mkt/banknifty
[2025-08-22 17:10:48,747] [INFO] [ExploreAPI] Incoming request: GET /mkt/sensex
[2025-08-22 17:10:48,748] [INFO] [ExploreAPI] Incoming request: GET /mkt/midcap
[2025-08-22 17:10:49,187] [INFO] [ExploreAPI] Incoming request: GET /mkt/nifty50
[2025-08-22 17:10:49,188] [INFO] [ExploreAPI] Incoming request: GET /mkt/movers
[2025-08-22 17:10:49,197] [INFO] [ExploreAPI] Incoming request: GET /mkt/banknifty
[2025-08-22 17:10:49,202] [INFO] [ExploreAPI] Incoming request: GET /mkt/sensex
[2025-08-22 17:10:49,203] [INFO] [ExploreAPI] Incoming request: GET /mkt/midcap
[2025-08-22 17:11:01,636] [INFO] [ExploreAPI] Incoming request: GET /api/history/M&M
[2025-08-22 17:11:01,644] [INFO] [ExploreAPI] Incoming request: GET /api/fundamentals/M&M
[2025-08-22 17:11:01,647] [INFO] [ExploreAPI] Fetching 5y history for M&M
[2025-08-22 17:11:01,652] [INFO] [ExploreAPI] Incoming request: GET /api/fundamentals/M&M
[2025-08-22 17:11:02,269] [INFO] [ExploreAPI] Incoming request: GET /api/history/M&M
[2025-08-22 17:11:02,270] [INFO] [ExploreAPI] Fetching 5y history for M&M
[2025-08-22 17:18:26,062] [INFO] [ExploreAPI] Incoming request: GET /api/history/M&M
[2025-08-22 17:18:26,064] [INFO] [ExploreAPI] Incoming request: GET /api/fundamentals/M&M
[2025-08-22 17:18:26,065] [INFO] [ExploreAPI] Fetching 5y history for M&M
[2025-08-22 17:18:26,070] [INFO] [ExploreAPI] Incoming request: GET /api/fundamentals/M&M
[2025-08-22 17:18:26,627] [INFO] [ExploreAPI] Incoming request: GET /api/history/M&M
[2025-08-22 17:18:26,628] [INFO] [ExploreAPI] Fetching 5y history for M&M
[2025-08-22 17:34:57,495] [INFO] [ExploreAPI] Incoming request: GET /mkt/movers
[2025-08-22 17:34:57,496] [INFO] [ExploreAPI] Incoming request: GET /mkt/sensex
[2025-08-22 17:34:57,949] [INFO] [ExploreAPI] Incoming request: GET /mkt/nifty50
[2025-08-22 17:34:58,302] [INFO] [ExploreAPI] Incoming request: GET /mkt/banknifty
[2025-08-22 17:34:58,518] [INFO] [ExploreAPI] Incoming request: GET /mkt/midcap
[2025-08-22 17:34:58,685] [INFO] [ExploreAPI] Incoming request: GET /mkt/movers
[2025-08-22 17:34:58,689] [INFO] [ExploreAPI] Incoming request: GET /mkt/sensex
[2025-08-22 17:34:58,691] [INFO] [ExploreAPI] Incoming request: GET /mkt/nifty50
[2025-08-22 17:34:58,696] [INFO] [ExploreAPI] Incoming request: GET /mkt/banknifty
[2025-08-22 17:34:58,713] [INFO] [ExploreAPI] Incoming request: GET /mkt/midcap
[2025-08-22 17:35:06,671] [INFO] [ExploreAPI] Incoming request: GET /api/history/TORNTPHARM
[2025-08-22 17:35:06,678] [INFO] [ExploreAPI] Incoming request: GET /api/fundamentals/TORNTPHARM
[2025-08-22 17:35:06,681] [INFO] [ExploreAPI] Fetching 5y history for TORNTPHARM
[2025-08-22 17:35:06,689] [INFO] [ExploreAPI] Incoming request: GET /api/fundamentals/TORNTPHARM
[2025-08-22 17:35:07,420] [INFO] [ExploreAPI] Incoming request: GET /api/history/TORNTPHARM
[2025-08-22 17:35:07,422] [INFO] [ExploreAPI] Fetching 5y history for TORNTPHARM
[2025-08-22 18:44:47,639] [INFO] [ExploreAPI] Incoming request: GET /api/history/TORNTPHARM
[2025-08-22 18:44:47,640] [INFO] [ExploreAPI] Incoming request: GET /api/fundamentals/TORNTPHARM
[2025-08-22 18:44:47,641] [INFO] [ExploreAPI] Fetching 5y history for TORNTPHARM
[2025-08-22 18:44:48,228] [INFO] [ExploreAPI] Incoming request: GET /api/fundamentals/TORNTPHARM
[2025-08-22 18:44:48,614] [INFO] [ExploreAPI] Incoming request: GET /api/history/TORNTPHARM
[2025-08-22 18:44:48,615] [INFO] [ExploreAPI] Fetching 5y history for TORNTPHARM
[2025-08-22 19:31:54,291] [INFO] [ExploreAPI] Incoming request: GET /api/history/TORNTPHARM
[2025-08-22 19:31:54,293] [INFO] [ExploreAPI] Incoming request: GET /api/fundamentals/TORNTPHARM
[2025-08-22 19:31:54,295] [INFO] [ExploreAPI] Fetching 5y history for TORNTPHARM
[2025-08-22 19:31:54,298] [INFO] [ExploreAPI] Incoming request: GET /api/fundamentals/TORNTPHARM
[2025-08-22 19:31:54,315] [INFO] [ExploreAPI] Incoming request: GET /api/history/TORNTPHARM
[2025-08-22 19:31:54,316] [INFO] [ExploreAPI] Fetching 5y history for TORNTPHARM
[2025-08-22 20:02:29,368] [INFO] [ExploreAPI] Incoming request: GET /api/history/TORNTPHARM
[2025-08-22 20:02:29,370] [INFO] [ExploreAPI] Incoming request: GET /api/fundamentals/TORNTPHARM
[2025-08-22 20:02:29,374] [INFO] [ExploreAPI] Fetching 5y history for TORNTPHARM
[2025-08-22 20:02:29,379] [INFO] [ExploreAPI] Incoming request: GET /api/fundamentals/TORNTPHARM
[2025-08-22 20:02:29,965] [INFO] [ExploreAPI] Incoming request: GET /api/history/TORNTPHARM
[2025-08-22 20:02:29,966] [INFO] [ExploreAPI] Fetching 5y history for TORNTPHARM
[2025-08-22 20:06:15,947] [INFO] [ExploreAPI] Incoming request: GET /api/history/TORNTPHARM
[2025-08-22 20:06:15,949] [INFO] [ExploreAPI] Incoming request: GET /api/fundamentals/TORNTPHARM
[2025-08-22 20:06:15,951] [INFO] [ExploreAPI] Fetching 5y history for TORNTPHARM
[2025-08-22 20:06:16,521] [INFO] [ExploreAPI] Incoming request: GET /api/fundamentals/TORNTPHARM
[2025-08-22 20:06:16,536] [INFO] [ExploreAPI] Incoming request: GET /api/history/TORNTPHARM
[2025-08-22 20:06:16,537] [INFO] [ExploreAPI] Fetching 5y history for TORNTPHARM
[2025-08-22 20:20:39,461] [INFO] [ExploreAPI] Incoming request: GET /api/history/TORNTPHARM
[2025-08-22 20:20:39,464] [INFO] [ExploreAPI] Incoming request: GET /api/fundamentals/TORNTPHARM
[2025-08-22 20:20:39,465] [INFO] [ExploreAPI] Fetching 5y history for TORNTPHARM
[2025-08-22 20:20:40,055] [INFO] [ExploreAPI] Incoming request: GET /api/fundamentals/TORNTPHARM
[2025-08-22 20:20:40,375] [INFO] [ExploreAPI] Incoming request: GET /api/history/TORNTPHARM
[2025-08-22 20:20:40,377] [INFO] [ExploreAPI] Fetching 5y history for TORNTPHARM
[2025-08-22 20:36:23,015] [INFO] [ExploreAPI] Incoming request: GET /api/history/TORNTPHARM
[2025-08-22 20:36:23,017] [INFO] [ExploreAPI] Fetching 5y history for TORNTPHARM
[2025-08-22 20:36:24,003] [INFO] [ExploreAPI] Incoming request: GET /api/history/TORNTPHARM
[2025-08-22 20:36:24,005] [INFO] [ExploreAPI] Fetching 5y history for TORNTPHARM
[2025-08-22 20:36:53,503] [INFO] [ExploreAPI] Incoming request: GET /api/history/TORNTPHARM
[2025-08-22 20:36:53,505] [INFO] [ExploreAPI] Incoming request: GET /api/fundamentals/TORNTPHARM
[2025-08-22 20:36:53,506] [INFO] [ExploreAPI] Fetching 5y history for TORNTPHARM
[2025-08-22 20:36:53,510] [INFO] [ExploreAPI] Incoming request: GET /api/fundamentals/TORNTPHARM
[2025-08-22 20:36:54,027] [INFO] [ExploreAPI] Incoming request: GET /api/history/TORNTPHARM
[2025-08-22 20:36:54,028] [INFO] [ExploreAPI] Fetching 5y history for TORNTPHARM
[2025-08-22 20:42:47,997] [INFO] [ExploreAPI] Incoming request: GET /api/fundamentals/TORNTPHARM.NS
[2025-08-22 20:56:53,165] [INFO] [ExploreAPI] Incoming request: GET /api/history/TORNTPHARM
[2025-08-22 20:56:53,167] [INFO] [ExploreAPI] Fetching 5y history for TORNTPHARM
[2025-08-22 20:56:54,030] [INFO] [ExploreAPI] Incoming request: GET /api/history/TORNTPHARM
[2025-08-22 20:56:54,031] [INFO] [ExploreAPI] Fetching 5y history for TORNTPHARM
[2025-08-22 20:59:20,726] [INFO] [ExploreAPI] Incoming request: GET /api/history/TORNTPHARM
[2025-08-22 20:59:20,728] [INFO] [ExploreAPI] Incoming request: GET /api/fundamentals/TORNTPHARM
[2025-08-22 20:59:20,730] [INFO] [ExploreAPI] Fetching 5y history for TORNTPHARM
[2025-08-22 20:59:20,734] [INFO] [ExploreAPI] Incoming request: GET /api/fundamentals/TORNTPHARM
[2025-08-22 20:59:21,214] [INFO] [ExploreAPI] Incoming request: GET /api/history/TORNTPHARM
[2025-08-22 20:59:21,215] [INFO] [ExploreAPI] Fetching 5y history for TORNTPHARM
[2025-08-22 21:00:15,080] [INFO] [ExploreAPI] Incoming request: GET /api/history/TORNTPHARM
[2025-08-22 21:00:15,082] [INFO] [ExploreAPI] Fetching 5y history for TORNTPHARM
[2025-08-22 21:00:15,537] [INFO] [ExploreAPI] Incoming request: GET /api/history/TORNTPHARM
[2025-08-22 21:00:15,540] [INFO] [ExploreAPI] Fetching 5y history for TORNTPHARM
[2025-08-22 21:00:19,240] [INFO] [ExploreAPI] Incoming request: GET /api/history/TORNTPHARM
[2025-08-22 21:00:19,241] [INFO] [ExploreAPI] Fetching 5y history for TORNTPHARM
[2025-08-22 21:00:19,566] [INFO] [ExploreAPI] Incoming request: GET /api/history/TORNTPHARM
[2025-08-22 21:00:19,567] [INFO] [ExploreAPI] Fetching 5y history for TORNTPHARM
[2025-08-22 21:04:43,953] [INFO] [ExploreAPI] Incoming request: GET /api/history/TORNTPHARM
[2025-08-22 21:04:43,955] [INFO] [ExploreAPI] Fetching 5y history for TORNTPHARM
[2025-08-22 21:04:44,721] [INFO] [ExploreAPI] Incoming request: GET /api/history/TORNTPHARM
[2025-08-22 21:04:44,722] [INFO] [ExploreAPI] Fetching 5y history for TORNTPHARM
[2025-08-22 21:41:22,428] [INFO] [ExploreAPI] Incoming request: GET /api/history/TORNTPHARM
[2025-08-22 21:41:22,431] [INFO] [ExploreAPI] Fetching 5y history for TORNTPHARM
[2025-08-22 21:41:23,116] [INFO] [ExploreAPI] Incoming request: GET /api/history/TORNTPHARM
[2025-08-22 21:41:23,117] [INFO] [ExploreAPI] Fetching 5y history for TORNTPHARM
[2025-08-22 21:57:31,678] [INFO] [ExploreAPI] Incoming request: GET /api/history/TORNTPHARM
[2025-08-22 21:57:31,681] [INFO] [ExploreAPI] Fetching 5y history for TORNTPHARM
[2025-08-22 21:57:32,547] [INFO] [ExploreAPI] Incoming request: GET /api/history/TORNTPHARM
[2025-08-22 21:57:32,548] [INFO] [ExploreAPI] Fetching 5y history for TORNTPHARM
[2025-08-22 22:00:25,115] [INFO] [ExploreAPI] Incoming request: GET /api/history/TORNTPHARM
[2025-08-22 22:00:25,116] [INFO] [ExploreAPI] Fetching 5y history for TORNTPHARM
[2025-08-22 22:00:25,701] [INFO] [ExploreAPI] Incoming request: GET /api/history/TORNTPHARM
[2025-08-22 22:00:25,702] [INFO] [ExploreAPI] Fetching 5y history for TORNTPHARM
[2025-08-22 22:05:05,584] [INFO] [ExploreAPI] Incoming request: GET /api/history/TORNTPHARM
[2025-08-22 22:05:05,588] [INFO] [ExploreAPI] Fetching 5y history for TORNTPHARM
[2025-08-22 22:05:06,307] [INFO] [ExploreAPI] Incoming request: GET /api/history/TORNTPHARM
[2025-08-22 22:05:06,308] [INFO] [ExploreAPI] Fetching 5y history for TORNTPHARM
[2025-08-22 22:14:56,181] [INFO] [ExploreAPI] Incoming request: GET /api/history/TORNTPHARM.NS
[2025-08-22 22:14:56,182] [INFO] [ExploreAPI] Fetching 5y history for TORNTPHARM.NS
[2025-08-22 22:16:30,825] [INFO] [ExploreAPI] Incoming request: GET /api/history/TORNTPHARM.NS
[2025-08-22 22:16:30,826] [INFO] [ExploreAPI] Fetching 5y history for TORNTPHARM.NS
[2025-08-22 22:16:32,478] [INFO] [ExploreAPI] Incoming request: GET /api/history/TORNTPHARM.NS
[2025-08-22 22:16:32,480] [INFO] [ExploreAPI] Fetching 5y history for TORNTPHARM.NS
[2025-08-22 22:17:13,421] [INFO] [ExploreAPI] Incoming request: GET /api/history/TORNTPHARM.NS
[2025-08-22 22:17:13,423] [INFO] [ExploreAPI] Fetching 5y history for TORNTPHARM.NS
[2025-08-22 22:17:14,051] [INFO] [ExploreAPI] Incoming request: GET /api/history/TORNTPHARM.NS
[2025-08-22 22:17:14,053] [INFO] [ExploreAPI] Fetching 5y history for TORNTPHARM.NS
[2025-08-22 22:24:41,094] [INFO] [ExploreAPI] Incoming request: GET /api/history/TORNTPHARM.NS
[2025-08-22 22:24:41,095] [INFO] [ExploreAPI] Fetching 5y history for TORNTPHARM.NS
[2025-08-22 22:24:52,048] [INFO] [ExploreAPI] Incoming request: GET /api/history/TORNTPHARM.NS
[2025-08-22 22:24:52,050] [INFO] [ExploreAPI] Fetching 5y history for TORNTPHARM.NS
[2025-08-22 22:24:52,856] [INFO] [ExploreAPI] Incoming request: GET /api/history/TORNTPHARM.NS
[2025-08-22 22:24:52,858] [INFO] [ExploreAPI] Fetching 5y history for TORNTPHARM.NS
[2025-08-22 22:24:59,448] [INFO] [ExploreAPI] Incoming request: GET /api/history/TORNTPHARM.NS
[2025-08-22 22:24:59,450] [INFO] [ExploreAPI] Fetching 5y history for TORNTPHARM.NS
[2025-08-22 22:25:00,053] [INFO] [ExploreAPI] Incoming request: GET /api/history/TORNTPHARM.NS
[2025-08-22 22:25:00,055] [INFO] [ExploreAPI] Fetching 5y history for TORNTPHARM.NS
[2025-08-22 22:25:01,919] [INFO] [ExploreAPI] Incoming request: GET /mkt/movers
[2025-08-22 22:25:09,232] [INFO] [ExploreAPI] Incoming request: GET /mkt/banknifty
[2025-08-22 22:25:09,233] [INFO] [ExploreAPI] Incoming request: GET /mkt/sensex
[2025-08-22 22:25:09,234] [INFO] [ExploreAPI] Incoming request: GET /mkt/midcap
[2025-08-22 22:25:09,234] [INFO] [ExploreAPI] Incoming request: GET /mkt/nifty50
[2025-08-22 22:25:10,111] [INFO] [ExploreAPI] Incoming request: GET /mkt/movers
[2025-08-22 22:25:10,128] [INFO] [ExploreAPI] Incoming request: GET /mkt/banknifty
[2025-08-22 22:25:10,131] [INFO] [ExploreAPI] Incoming request: GET /mkt/sensex
[2025-08-22 22:25:10,147] [INFO] [ExploreAPI] Incoming request: GET /mkt/midcap
[2025-08-22 22:25:10,150] [INFO] [ExploreAPI] Incoming request: GET /mkt/nifty50
[2025-08-22 22:25:47,190] [INFO] [ExploreAPI] Incoming request: GET /api/history/IDEA.NS
[2025-08-22 22:25:47,193] [INFO] [ExploreAPI] Fetching 5y history for IDEA.NS
[2025-08-22 22:25:48,557] [INFO] [ExploreAPI] Incoming request: GET /api/history/IDEA.NS
[2025-08-22 22:25:48,575] [INFO] [ExploreAPI] Fetching 5y history for IDEA.NS
[2025-08-22 22:33:44,448] [INFO] [ExploreAPI] Incoming request: GET /api/history/IDEA.NS
[2025-08-22 22:33:44,451] [INFO] [ExploreAPI] Fetching 5y history for IDEA.NS
[2025-08-22 22:33:45,288] [INFO] [ExploreAPI] Incoming request: GET /api/history/IDEA.NS
[2025-08-22 22:33:45,292] [INFO] [ExploreAPI] Fetching 5y history for IDEA.NS
[2025-08-22 22:39:05,762] [INFO] [ExploreAPI] Incoming request: GET /api/fundamentals/IDEA.NS
[2025-08-22 22:39:05,785] [INFO] [ExploreAPI] Incoming request: GET /favicon.ico
[2025-08-22 22:57:53,063] [INFO] [ExploreAPI] Incoming request: GET /api/history/IDEA.NS
[2025-08-22 22:57:53,065] [INFO] [ExploreAPI] Fetching 5y history for IDEA.NS
[2025-08-22 22:57:54,104] [INFO] [ExploreAPI] Incoming request: GET /api/history/IDEA.NS
[2025-08-22 22:57:54,105] [INFO] [ExploreAPI] Fetching 5y history for IDEA.NS
[2025-08-22 22:58:35,538] [INFO] [ExploreAPI] Incoming request: GET /api/history/IDEA.NS
[2025-08-22 22:58:35,539] [INFO] [ExploreAPI] Fetching 5y history for IDEA.NS
[2025-08-22 22:58:36,233] [INFO] [ExploreAPI] Incoming request: GET /api/history/IDEA.NS
[2025-08-22 22:58:36,236] [INFO] [ExploreAPI] Fetching 5y history for IDEA.NS
[2025-08-22 23:00:15,831] [INFO] [ExploreAPI] Incoming request: GET /api/history/IDEA.NS
[2025-08-22 23:00:15,832] [INFO] [ExploreAPI] Fetching 5y history for IDEA.NS
[2025-08-22 23:00:16,914] [INFO] [ExploreAPI] Incoming request: GET /api/history/IDEA.NS
[2025-08-22 23:00:16,915] [INFO] [ExploreAPI] Fetching 5y history for IDEA.NS
[2025-08-22 23:00:35,685] [INFO] [ExploreAPI] Incoming request: GET /mkt/movers
[2025-08-22 23:00:46,421] [INFO] [ExploreAPI] Incoming request: GET /mkt/nifty50
[2025-08-22 23:00:46,422] [INFO] [ExploreAPI] Incoming request: GET /mkt/sensex
[2025-08-22 23:00:46,422] [INFO] [ExploreAPI] Incoming request: GET /mkt/banknifty
[2025-08-22 23:00:47,455] [INFO] [ExploreAPI] Incoming request: GET /mkt/midcap
[2025-08-22 23:00:47,776] [INFO] [ExploreAPI] Incoming request: GET /mkt/movers
[2025-08-22 23:00:47,780] [INFO] [ExploreAPI] Incoming request: GET /mkt/sensex
[2025-08-22 23:00:47,782] [INFO] [ExploreAPI] Incoming request: GET /mkt/nifty50
[2025-08-22 23:00:47,783] [INFO] [ExploreAPI] Incoming request: GET /mkt/banknifty
[2025-08-22 23:00:47,806] [INFO] [ExploreAPI] Incoming request: GET /mkt/midcap
[2025-08-22 23:00:51,721] [INFO] [ExploreAPI] Incoming request: GET /api/history/IDEA.NS
[2025-08-22 23:00:51,722] [INFO] [ExploreAPI] Fetching 5y history for IDEA.NS
[2025-08-22 23:00:52,905] [INFO] [ExploreAPI] Incoming request: GET /api/history/IDEA.NS
[2025-08-22 23:00:52,908] [INFO] [ExploreAPI] Fetching 5y history for IDEA.NS
[2025-08-23 00:22:06,277] [INFO] [ExploreAPI] Incoming request: GET /api/history/IDEA.NS
[2025-08-23 00:22:06,279] [INFO] [ExploreAPI] Fetching 5y history for IDEA.NS
[2025-08-23 00:22:07,401] [INFO] [ExploreAPI] Incoming request: GET /api/history/IDEA.NS
[2025-08-23 00:22:07,402] [INFO] [ExploreAPI] Fetching 5y history for IDEA.NS
[2025-08-23 00:22:30,887] [INFO] [ExploreAPI] Incoming request: GET /api/history/IDEA.NS
[2025-08-23 00:22:30,888] [INFO] [ExploreAPI] Fetching 5y history for IDEA.NS
[2025-08-23 00:22:31,940] [INFO] [ExploreAPI] Incoming request: GET /api/history/IDEA.NS
[2025-08-23 00:22:31,941] [INFO] [ExploreAPI] Fetching 5y history for IDEA.NS
[2025-08-24 13:53:33,739] [INFO] [ExploreAPI] Incoming request: GET /api/history/IDEA
[2025-08-24 13:53:33,750] [INFO] [ExploreAPI] Fetching 5y history for IDEA
[2025-08-24 13:53:36,987] [INFO] [ExploreAPI] Incoming request: GET /api/history/IDEA
[2025-08-24 13:53:36,989] [INFO] [ExploreAPI] Fetching 5y history for IDEA
[2025-08-24 13:58:00,272] [INFO] [ExploreAPI] Incoming request: GET /api/fundamentals/IDEA.NS
[2025-08-24 13:58:17,858] [INFO] [ExploreAPI] Incoming request: GET /favicon.ico
[2025-08-24 13:59:12,674] [INFO] [ExploreAPI] Incoming request: GET /api/history/IDEA
[2025-08-24 13:59:12,677] [INFO] [ExploreAPI] Incoming request: GET /api/fundamentals/IDEA
[2025-08-24 13:59:12,679] [INFO] [ExploreAPI] Fetching 5y history for IDEA
[2025-08-24 13:59:17,587] [INFO] [ExploreAPI] Incoming request: GET /api/fundamentals/IDEA
[2025-08-24 13:59:18,906] [INFO] [ExploreAPI] Incoming request: GET /api/history/IDEA
[2025-08-24 13:59:18,908] [INFO] [ExploreAPI] Fetching 5y history for IDEA
[2025-08-24 14:03:46,541] [INFO] [ExploreAPI] Incoming request: GET /mkt/movers
[2025-08-24 14:03:57,244] [INFO] [ExploreAPI] Incoming request: GET /mkt/nifty50
[2025-08-24 14:03:57,560] [INFO] [ExploreAPI] Incoming request: GET /mkt/sensex
[2025-08-24 14:03:57,732] [INFO] [ExploreAPI] Incoming request: GET /mkt/banknifty
[2025-08-24 14:03:57,994] [INFO] [ExploreAPI] Incoming request: GET /mkt/midcap
[2025-08-24 14:03:58,154] [INFO] [ExploreAPI] Incoming request: GET /mkt/nifty50
[2025-08-24 14:03:58,156] [INFO] [ExploreAPI] Incoming request: GET /mkt/movers
[2025-08-24 14:03:58,168] [INFO] [ExploreAPI] Incoming request: GET /mkt/sensex
[2025-08-24 14:03:58,183] [INFO] [ExploreAPI] Incoming request: GET /mkt/banknifty
[2025-08-24 14:03:58,186] [INFO] [ExploreAPI] Incoming request: GET /mkt/midcap
[2025-08-24 14:04:39,901] [INFO] [ExploreAPI] Incoming request: GET /api/history/DIVISLAB
[2025-08-24 14:04:39,903] [INFO] [ExploreAPI] Incoming request: GET /api/fundamentals/DIVISLAB
[2025-08-24 14:04:39,904] [INFO] [ExploreAPI] Fetching 5y history for DIVISLAB
[2025-08-24 14:04:55,953] [INFO] [ExploreAPI] Incoming request: GET /api/fundamentals/DIVISLAB
[2025-08-24 14:05:11,034] [INFO] [ExploreAPI] Incoming request: GET /api/history/DIVISLAB
[2025-08-24 14:05:11,036] [INFO] [ExploreAPI] Fetching 5y history for DIVISLAB
[2025-08-24 14:05:58,831] [INFO] [ExploreAPI] Incoming request: GET /api/history/DIVISLAB
[2025-08-24 14:05:58,837] [INFO] [ExploreAPI] Incoming request: GET /api/fundamentals/DIVISLAB
[2025-08-24 14:06:01,204] [INFO] [ExploreAPI] Fetching 5y history for DIVISLAB
[2025-08-24 14:06:01,226] [INFO] [ExploreAPI] Incoming request: GET /api/fundamentals/DIVISLAB
[2025-08-24 14:06:04,040] [INFO] [ExploreAPI] Incoming request: GET /api/history/DIVISLAB
[2025-08-24 14:06:04,041] [INFO] [ExploreAPI] Fetching 5y history for DIVISLAB
[2025-08-24 14:06:40,311] [INFO] [ExploreAPI] Incoming request: GET /mkt/movers
[2025-08-24 14:06:40,317] [INFO] [ExploreAPI] Incoming request: GET /mkt/banknifty
[2025-08-24 14:06:40,319] [INFO] [ExploreAPI] Incoming request: GET /mkt/midcap
[2025-08-24 14:06:40,322] [INFO] [ExploreAPI] Incoming request: GET /mkt/nifty50
[2025-08-24 14:06:40,323] [INFO] [ExploreAPI] Incoming request: GET /mkt/sensex
[2025-08-24 14:06:41,047] [INFO] [ExploreAPI] Incoming request: GET /mkt/banknifty
[2025-08-24 14:06:41,051] [INFO] [ExploreAPI] Incoming request: GET /mkt/movers
[2025-08-24 14:06:41,070] [INFO] [ExploreAPI] Incoming request: GET /mkt/nifty50
[2025-08-24 14:06:41,072] [INFO] [ExploreAPI] Incoming request: GET /mkt/midcap
[2025-08-24 14:06:41,076] [INFO] [ExploreAPI] Incoming request: GET /mkt/sensex
[2025-08-24 14:06:48,598] [INFO] [ExploreAPI] Incoming request: GET /api/history/TORNTPHARM
[2025-08-24 14:06:48,600] [INFO] [ExploreAPI] Incoming request: GET /api/fundamentals/TORNTPHARM
[2025-08-24 14:06:48,601] [INFO] [ExploreAPI] Fetching 5y history for TORNTPHARM
[2025-08-24 14:06:57,923] [INFO] [ExploreAPI] Incoming request: GET /api/fundamentals/TORNTPHARM
[2025-08-24 14:07:00,825] [INFO] [ExploreAPI] Incoming request: GET /api/history/TORNTPHARM
[2025-08-24 14:07:00,827] [INFO] [ExploreAPI] Fetching 5y history for TORNTPHARM
[2025-08-24 14:08:14,888] [INFO] [ExploreAPI] Incoming request: GET /mkt/movers
[2025-08-24 14:08:14,893] [INFO] [ExploreAPI] Incoming request: GET /mkt/nifty50
[2025-08-24 14:08:15,055] [INFO] [ExploreAPI] Incoming request: GET /mkt/banknifty
[2025-08-24 14:08:15,056] [INFO] [ExploreAPI] Incoming request: GET /mkt/sensex
[2025-08-24 14:08:15,056] [INFO] [ExploreAPI] Incoming request: GET /mkt/midcap
[2025-08-24 14:08:15,517] [INFO] [ExploreAPI] Incoming request: GET /mkt/nifty50
[2025-08-24 14:08:15,525] [INFO] [ExploreAPI] Incoming request: GET /mkt/movers
[2025-08-24 14:08:15,538] [INFO] [ExploreAPI] Incoming request: GET /mkt/banknifty
[2025-08-24 14:08:15,543] [INFO] [ExploreAPI] Incoming request: GET /mkt/sensex
[2025-08-24 14:08:15,544] [INFO] [ExploreAPI] Incoming request: GET /mkt/midcap
[2025-08-24 14:08:25,038] [INFO] [ExploreAPI] Incoming request: GET /api/history/LTFOODS
[2025-08-24 14:08:25,041] [INFO] [ExploreAPI] Incoming request: GET /api/fundamentals/LTFOODS
[2025-08-24 14:08:37,551] [INFO] [ExploreAPI] Fetching 5y history for LTFOODS
[2025-08-24 14:08:37,579] [INFO] [ExploreAPI] Incoming request: GET /api/fundamentals/LTFOODS
[2025-08-24 14:08:39,012] [INFO] [ExploreAPI] Incoming request: GET /api/history/LTFOODS
[2025-08-24 14:08:39,015] [INFO] [ExploreAPI] Fetching 5y history for LTFOODS
[2025-08-24 14:09:06,500] [INFO] [ExploreAPI] Incoming request: GET /mkt/movers
[2025-08-24 14:09:06,505] [INFO] [ExploreAPI] Incoming request: GET /mkt/nifty50
[2025-08-24 14:09:06,506] [INFO] [ExploreAPI] Incoming request: GET /mkt/sensex
[2025-08-24 14:09:06,509] [INFO] [ExploreAPI] Incoming request: GET /mkt/banknifty
[2025-08-24 14:09:06,511] [INFO] [ExploreAPI] Incoming request: GET /mkt/midcap
[2025-08-24 14:09:07,086] [INFO] [ExploreAPI] Incoming request: GET /mkt/movers
[2025-08-24 14:09:07,095] [INFO] [ExploreAPI] Incoming request: GET /mkt/nifty50
[2025-08-24 14:09:07,097] [INFO] [ExploreAPI] Incoming request: GET /mkt/sensex
[2025-08-24 14:09:07,102] [INFO] [ExploreAPI] Incoming request: GET /mkt/banknifty
[2025-08-24 14:09:07,109] [INFO] [ExploreAPI] Incoming request: GET /mkt/midcap
[2025-08-24 14:09:13,029] [INFO] [ExploreAPI] Incoming request: GET /api/history/ZEEL
[2025-08-24 14:09:13,031] [INFO] [ExploreAPI] Incoming request: GET /api/fundamentals/ZEEL
[2025-08-24 14:09:29,064] [INFO] [ExploreAPI] Fetching 5y history for ZEEL
[2025-08-24 14:09:29,085] [INFO] [ExploreAPI] Incoming request: GET /api/fundamentals/ZEEL
[2025-08-24 14:09:34,533] [INFO] [ExploreAPI] Incoming request: GET /api/history/ZEEL
[2025-08-24 14:09:34,534] [INFO] [ExploreAPI] Fetching 5y history for ZEEL
[2025-08-24 15:30:39,773] [INFO] [ExploreAPI] Incoming request: GET /api/history/ZEEL
[2025-08-24 15:30:39,775] [INFO] [ExploreAPI] Incoming request: GET /api/fundamentals/ZEEL
[2025-08-24 15:30:43,673] [INFO] [ExploreAPI] Fetching 5y history for ZEEL
[2025-08-24 15:30:43,692] [INFO] [ExploreAPI] Incoming request: GET /api/fundamentals/ZEEL
[2025-08-24 15:30:46,426] [INFO] [ExploreAPI] Incoming request: GET /api/history/ZEEL
[2025-08-24 15:30:46,430] [INFO] [ExploreAPI] Fetching 5y history for ZEEL
[2025-08-24 15:31:41,576] [INFO] [ExploreAPI] Incoming request: GET /mkt/movers
[2025-08-24 15:31:48,000] [INFO] [ExploreAPI] Incoming request: GET /mkt/midcap
[2025-08-24 15:31:48,001] [INFO] [ExploreAPI] Incoming request: GET /mkt/banknifty
[2025-08-24 15:31:48,002] [INFO] [ExploreAPI] Incoming request: GET /mkt/sensex
[2025-08-24 15:31:48,003] [INFO] [ExploreAPI] Incoming request: GET /mkt/nifty50
[2025-08-24 15:31:48,978] [INFO] [ExploreAPI] Incoming request: GET /mkt/movers
[2025-08-24 15:31:48,984] [INFO] [ExploreAPI] Incoming request: GET /mkt/midcap
[2025-08-24 15:31:48,989] [INFO] [ExploreAPI] Incoming request: GET /mkt/banknifty
[2025-08-24 15:31:49,009] [INFO] [ExploreAPI] Incoming request: GET /mkt/sensex
[2025-08-24 15:31:49,013] [INFO] [ExploreAPI] Incoming request: GET /mkt/nifty50
[2025-08-24 15:32:20,551] [INFO] [ExploreAPI] Incoming request: GET /api/history/M&M
[2025-08-24 15:32:20,554] [INFO] [ExploreAPI] Incoming request: GET /api/fundamentals/M&M
[2025-08-24 15:32:20,555] [INFO] [ExploreAPI] Fetching 5y history for M&M
[2025-08-24 15:32:26,436] [INFO] [ExploreAPI] Incoming request: GET /api/fundamentals/M&M
[2025-08-24 15:32:28,474] [INFO] [ExploreAPI] Incoming request: GET /api/history/M&M
[2025-08-24 15:32:28,475] [INFO] [ExploreAPI] Fetching 5y history for M&M
[2025-08-25 17:58:51,244] [INFO] [ExploreAPI] Incoming request: GET /mkt/movers
[2025-08-25 17:58:51,246] [INFO] [ExploreAPI] Incoming request: GET /mkt/nifty50
[2025-08-25 17:58:51,247] [INFO] [ExploreAPI] Incoming request: GET /mkt/midcap
[2025-08-25 17:59:13,324] [INFO] [ExploreAPI] Incoming request: GET /mkt/sensex
[2025-08-25 17:59:13,496] [INFO] [ExploreAPI] Incoming request: GET /mkt/banknifty
[2025-08-25 17:59:13,695] [INFO] [ExploreAPI] Incoming request: GET /mkt/nifty50
[2025-08-25 17:59:13,696] [INFO] [ExploreAPI] Incoming request: GET /mkt/sensex
[2025-08-25 17:59:13,697] [INFO] [ExploreAPI] Incoming request: GET /mkt/midcap
[2025-08-25 17:59:13,698] [INFO] [ExploreAPI] Incoming request: GET /mkt/movers
[2025-08-25 17:59:13,709] [INFO] [ExploreAPI] Incoming request: GET /mkt/banknifty
[2025-08-25 17:59:43,703] [INFO] [ExploreAPI] Incoming request: GET /api/fundamentals/INFY
[2025-08-25 17:59:48,159] [INFO] [ExploreAPI] Incoming request: GET /api/history/INFY
[2025-08-25 17:59:48,162] [INFO] [ExploreAPI] Fetching 5y history for INFY
[2025-08-25 17:59:48,163] [INFO] [ExploreAPI] Incoming request: GET /api/fundamentals/INFY
[2025-08-25 17:59:49,730] [INFO] [ExploreAPI] Incoming request: GET /api/history/INFY
[2025-08-25 17:59:49,731] [INFO] [ExploreAPI] Fetching 5y history for INFY
[2025-08-25 18:27:21,055] [INFO] [ExploreAPI] Incoming request: GET /api/history/INFY
[2025-08-25 18:27:21,057] [INFO] [ExploreAPI] Incoming request: GET /api/fundamentals/INFY
[2025-08-25 18:27:25,468] [INFO] [ExploreAPI] Fetching 5y history for INFY
[2025-08-25 18:33:16,070] [INFO] [ExploreAPI] Incoming request: GET /api/history/INFY
[2025-08-25 18:33:16,072] [INFO] [ExploreAPI] Incoming request: GET /api/fundamentals/INFY
[2025-08-25 18:33:16,073] [INFO] [ExploreAPI] Fetching 5y history for INFY
[2025-08-25 18:33:17,762] [INFO] [ExploreAPI] Incoming request: GET /api/fundamentals/INFY
[2025-08-25 18:33:18,855] [INFO] [ExploreAPI] Incoming request: GET /api/history/INFY
[2025-08-25 18:33:18,857] [INFO] [ExploreAPI] Fetching 5y history for INFY
[2025-08-25 19:14:01,697] [INFO] [ExploreAPI] Incoming request: GET /api/financials/INFY
[2025-08-25 19:14:01,700] [INFO] [ExploreAPI] Incoming request: GET /api/fundamentals/INFY
[2025-08-25 19:14:01,701] [INFO] [ExploreAPI] Incoming request: GET /api/history/INFY
[2025-08-25 19:14:01,968] [INFO] [ExploreAPI] Fetching financials for INFY
[2025-08-25 19:14:01,973] [INFO] [ExploreAPI] Fetching 5y history for INFY
[2025-08-25 19:14:01,976] [INFO] [ExploreAPI] Incoming request: GET /api/fundamentals/INFY
[2025-08-25 19:14:02,036] [INFO] [ExploreAPI] Incoming request: GET /api/financials/INFY
[2025-08-25 19:14:02,038] [INFO] [ExploreAPI] Fetching financials for INFY
[2025-08-25 19:14:02,183] [INFO] [ExploreAPI] Incoming request: GET /api/history/INFY
[2025-08-25 19:14:02,186] [INFO] [ExploreAPI] Fetching 5y history for INFY
[2025-08-25 19:14:31,613] [INFO] [ExploreAPI] Incoming request: GET /api/history/INFY
[2025-08-25 19:14:31,614] [INFO] [ExploreAPI] Incoming request: GET /api/financials/INFY
[2025-08-25 19:14:31,615] [INFO] [ExploreAPI] Incoming request: GET /api/fundamentals/INFY
[2025-08-25 19:14:31,617] [INFO] [ExploreAPI] Fetching 5y history for INFY
[2025-08-25 19:14:33,520] [INFO] [ExploreAPI] Fetching financials for INFY
[2025-08-25 19:14:35,137] [INFO] [ExploreAPI] Incoming request: GET /api/financials/INFY
[2025-08-25 19:14:35,138] [INFO] [ExploreAPI] Incoming request: GET /api/history/INFY
[2025-08-25 19:14:35,140] [INFO] [ExploreAPI] Incoming request: GET /api/fundamentals/INFY
[2025-08-25 19:14:36,297] [INFO] [ExploreAPI] Fetching financials for INFY
[2025-08-25 19:14:36,433] [INFO] [ExploreAPI] Fetching 5y history for INFY
[2025-08-25 19:14:36,443] [INFO] [ExploreAPI] Incoming request: GET /api/fundamentals/INFY
[2025-08-25 19:14:37,773] [INFO] [ExploreAPI] Incoming request: GET /api/financials/INFY
[2025-08-25 19:14:37,775] [INFO] [ExploreAPI] Incoming request: GET /api/history/INFY
[2025-08-25 19:14:37,776] [INFO] [ExploreAPI] Fetching financials for INFY
[2025-08-25 19:14:37,776] [INFO] [ExploreAPI] Fetching 5y history for INFY
[2025-08-25 19:23:00,933] [INFO] [ExploreAPI] Incoming request: GET /api/history/INFY
[2025-08-25 19:23:00,935] [INFO] [ExploreAPI] Incoming request: GET /api/fundamentals/INFY
[2025-08-25 19:23:00,937] [INFO] [ExploreAPI] Fetching 5y history for INFY
[2025-08-25 19:23:02,511] [INFO] [ExploreAPI] Incoming request: GET /api/financials/INFY
[2025-08-25 19:23:02,514] [INFO] [ExploreAPI] Fetching financials for INFY
[2025-08-25 19:23:02,536] [INFO] [ExploreAPI] Incoming request: GET /api/fundamentals/INFY
[2025-08-25 19:23:04,232] [INFO] [ExploreAPI] Incoming request: GET /api/history/INFY
[2025-08-25 19:23:04,233] [INFO] [ExploreAPI] Fetching 5y history for INFY
[2025-08-25 19:23:04,238] [INFO] [ExploreAPI] Incoming request: GET /api/financials/INFY
[2025-08-25 19:23:04,241] [INFO] [ExploreAPI] Fetching financials for INFY
[2025-08-25 19:23:04,832] [WARNING] [ExploreAPI] Unauthorized access attempt to /api/fallback/full-load/INFY (missing/invalid x-internal-token)
[2025-08-25 19:23:05,419] [WARNING] [ExploreAPI] Unauthorized access attempt to /api/fallback/full-load/INFY (missing/invalid x-internal-token)
[2025-08-25 19:24:53,375] [INFO] [ExploreAPI] Incoming request: GET /api/history/INFY
[2025-08-25 19:24:53,377] [INFO] [ExploreAPI] Incoming request: GET /api/fundamentals/INFY
[2025-08-25 19:24:53,378] [INFO] [ExploreAPI] Fetching 5y history for INFY
[2025-08-25 19:24:54,582] [INFO] [ExploreAPI] Incoming request: GET /api/fundamentals/INFY
[2025-08-25 19:24:55,717] [INFO] [ExploreAPI] Incoming request: GET /api/history/INFY
[2025-08-25 19:24:55,719] [INFO] [ExploreAPI] Fetching 5y history for INFY
[2025-08-25 19:25:17,352] [INFO] [ExploreAPI] Incoming request: GET /api/history/INFY
[2025-08-25 19:25:17,354] [INFO] [ExploreAPI] Incoming request: GET /api/fundamentals/INFY
[2025-08-25 19:25:17,355] [INFO] [ExploreAPI] Fetching 5y history for INFY
[2025-08-25 19:25:18,453] [INFO] [ExploreAPI] Incoming request: GET /api/fundamentals/INFY
[2025-08-25 19:25:19,331] [INFO] [ExploreAPI] Incoming request: GET /api/history/INFY
[2025-08-25 19:25:19,333] [INFO] [ExploreAPI] Fetching 5y history for INFY
[2025-08-25 20:09:25,930] [INFO] [ExploreAPI] Incoming request: GET /api/history/INFY
[2025-08-25 20:09:25,931] [INFO] [ExploreAPI] Incoming request: GET /api/fundamentals/INFY
[2025-08-25 20:09:25,934] [INFO] [ExploreAPI] Fetching 5y history for INFY
[2025-08-25 20:09:28,503] [INFO] [ExploreAPI] Incoming request: GET /api/fundamentals/INFY
[2025-08-25 20:09:31,334] [INFO] [ExploreAPI] Incoming request: GET /api/history/INFY
[2025-08-25 20:09:31,335] [INFO] [ExploreAPI] Fetching 5y history for INFY
[2025-08-25 20:13:25,399] [INFO] [ExploreAPI] Incoming request: GET /api/history/INFY
[2025-08-25 20:13:25,401] [INFO] [ExploreAPI] Incoming request: GET /api/fundamentals/INFY
[2025-08-25 20:13:25,403] [INFO] [ExploreAPI] Fetching fundamentals for INFY
[2025-08-25 20:13:25,403] [INFO] [ExploreAPI] Fetching 5y history for INFY
[2025-08-25 20:13:27,558] [INFO] [ExploreAPI] Incoming request: GET /api/fundamentals/INFY
[2025-08-25 20:13:27,559] [INFO] [ExploreAPI] Fetching fundamentals for INFY
[2025-08-25 20:13:28,772] [INFO] [ExploreAPI] Incoming request: GET /api/history/INFY
[2025-08-25 20:13:28,776] [INFO] [ExploreAPI] Fetching 5y history for INFY
[2025-08-25 20:13:32,905] [INFO] [ExploreAPI] Incoming request: GET /mkt/movers
[2025-08-25 20:13:43,159] [INFO] [ExploreAPI] Incoming request: GET /mkt/nifty50
[2025-08-25 20:13:43,160] [INFO] [ExploreAPI] Incoming request: GET /mkt/sensex
[2025-08-25 20:13:43,746] [INFO] [ExploreAPI] Incoming request: GET /mkt/banknifty
[2025-08-25 20:13:43,748] [INFO] [ExploreAPI] Incoming request: GET /mkt/movers
[2025-08-25 20:13:44,023] [INFO] [ExploreAPI] Incoming request: GET /mkt/midcap
[2025-08-25 20:13:44,259] [INFO] [ExploreAPI] Incoming request: GET /mkt/nifty50
[2025-08-25 20:13:44,266] [INFO] [ExploreAPI] Incoming request: GET /mkt/sensex
[2025-08-25 20:13:44,268] [INFO] [ExploreAPI] Incoming request: GET /mkt/banknifty
[2025-08-25 20:13:44,283] [INFO] [ExploreAPI] Incoming request: GET /mkt/midcap
[2025-08-25 20:13:51,577] [INFO] [ExploreAPI] Incoming request: GET /api/history/HYUNDAI
[2025-08-25 20:13:51,579] [INFO] [ExploreAPI] Incoming request: GET /api/fundamentals/HYUNDAI
[2025-08-25 20:13:51,580] [INFO] [ExploreAPI] Fetching fundamentals for HYUNDAI
[2025-08-25 20:13:51,580] [INFO] [ExploreAPI] Fetching 5y history for HYUNDAI
[2025-08-25 20:13:58,228] [INFO] [ExploreAPI] Incoming request: GET /api/fundamentals/HYUNDAI
[2025-08-25 20:13:58,229] [INFO] [ExploreAPI] Fetching fundamentals for HYUNDAI
[2025-08-25 20:13:59,905] [INFO] [ExploreAPI] Incoming request: GET /api/history/HYUNDAI
[2025-08-25 20:13:59,907] [INFO] [ExploreAPI] Fetching 5y history for HYUNDAI
[2025-08-25 20:14:14,780] [INFO] [ExploreAPI] Incoming request: GET /mkt/movers
[2025-08-25 20:14:15,091] [INFO] [ExploreAPI] Incoming request: GET /mkt/nifty50
[2025-08-25 20:14:15,093] [INFO] [ExploreAPI] Incoming request: GET /mkt/sensex
[2025-08-25 20:14:15,095] [INFO] [ExploreAPI] Incoming request: GET /mkt/banknifty
[2025-08-25 20:14:15,096] [INFO] [ExploreAPI] Incoming request: GET /mkt/midcap
[2025-08-25 20:14:15,372] [INFO] [ExploreAPI] Incoming request: GET /mkt/movers
[2025-08-25 20:14:15,675] [INFO] [ExploreAPI] Incoming request: GET /mkt/nifty50
[2025-08-25 20:14:15,679] [INFO] [ExploreAPI] Incoming request: GET /mkt/sensex
[2025-08-25 20:14:15,683] [INFO] [ExploreAPI] Incoming request: GET /mkt/banknifty
[2025-08-25 20:14:15,689] [INFO] [ExploreAPI] Incoming request: GET /mkt/midcap
[2025-08-25 20:14:25,378] [INFO] [ExploreAPI] Incoming request: GET /api/history/INFY
[2025-08-25 20:14:25,380] [INFO] [ExploreAPI] Incoming request: GET /api/fundamentals/INFY
[2025-08-25 20:14:25,381] [INFO] [ExploreAPI] Fetching fundamentals for INFY
[2025-08-25 20:14:25,381] [INFO] [ExploreAPI] Fetching 5y history for INFY
[2025-08-25 20:14:28,071] [INFO] [ExploreAPI] Incoming request: GET /api/fundamentals/INFY
[2025-08-25 20:14:28,076] [INFO] [ExploreAPI] Fetching fundamentals for INFY
[2025-08-25 20:14:29,162] [INFO] [ExploreAPI] Incoming request: GET /api/history/INFY
[2025-08-25 20:14:29,163] [INFO] [ExploreAPI] Fetching 5y history for INFY
[2025-08-25 20:24:16,657] [INFO] [ExploreAPI] Incoming request: GET /api/fundamentals/INFY
[2025-08-25 20:24:16,657] [INFO] [ExploreAPI] Fetching fundamentals for INFY
[2025-08-25 20:24:18,038] [INFO] [ExploreAPI] Incoming request: GET /api/history/INFY
[2025-08-25 20:24:18,040] [INFO] [ExploreAPI] Fetching 5y history for INFY
[2025-08-25 20:24:18,040] [INFO] [ExploreAPI] Incoming request: GET /api/financials/INFY
[2025-08-25 20:27:22,072] [INFO] [ExploreAPI] Incoming request: GET /api/history/INFY
[2025-08-25 20:27:22,073] [INFO] [ExploreAPI] Incoming request: GET /api/fundamentals/INFY
[2025-08-25 20:27:22,074] [INFO] [ExploreAPI] Fetching fundamentals for INFY
[2025-08-25 20:27:23,118] [INFO] [ExploreAPI] Incoming request: GET /api/financials/INFY
[2025-08-25 20:27:23,119] [INFO] [ExploreAPI] Fetching 5y history for INFY
[2025-08-25 20:30:58,626] [INFO] [ExploreAPI] Incoming request: GET /api/financials/INFY
[2025-08-25 20:30:58,781] [INFO] [ExploreAPI] Incoming request: GET /api/financials/INFY
[2025-08-25 20:30:58,920] [INFO] [ExploreAPI] Incoming request: GET /api/history/INFY
[2025-08-25 20:30:58,921] [INFO] [ExploreAPI] Incoming request: GET /api/fundamentals/INFY
[2025-08-25 20:30:58,922] [INFO] [ExploreAPI] Fetching fundamentals for INFY
[2025-08-25 20:30:58,923] [INFO] [ExploreAPI] Fetching 5y history for INFY
[2025-08-25 20:31:00,337] [INFO] [ExploreAPI] Incoming request: GET /api/fundamentals/INFY
[2025-08-25 20:31:00,337] [INFO] [ExploreAPI] Fetching fundamentals for INFY
[2025-08-25 20:31:01,230] [INFO] [ExploreAPI] Incoming request: GET /api/history/INFY
[2025-08-25 20:31:01,232] [INFO] [ExploreAPI] Fetching 5y history for INFY
[2025-08-25 21:43:27,920] [INFO] [ExploreAPI] Incoming request: GET /api/financials/INFY
[2025-08-25 21:43:28,310] [INFO] [ExploreAPI] Incoming request: GET /api/fundamentals/INFY
[2025-08-25 21:43:28,312] [INFO] [ExploreAPI] Incoming request: GET /api/history/INFY
[2025-08-25 21:43:28,314] [INFO] [ExploreAPI] Fetching fundamentals for INFY
[2025-08-25 21:43:30,188] [INFO] [ExploreAPI] Fetching 5y history for INFY
[2025-08-25 21:43:30,194] [INFO] [ExploreAPI] Incoming request: GET /api/fundamentals/INFY
[2025-08-25 21:43:30,195] [INFO] [ExploreAPI] Fetching fundamentals for INFY
[2025-08-25 21:43:30,989] [INFO] [ExploreAPI] Incoming request: GET /api/financials/INFY
[2025-08-25 21:43:30,992] [INFO] [ExploreAPI] Incoming request: GET /api/history/INFY
[2025-08-25 21:43:30,992] [INFO] [ExploreAPI] Fetching 5y history for INFY
[2025-08-29 14:18:44,369] [INFO] [ExploreAPI] Incoming request: GET /mkt/movers
[2025-08-29 14:18:44,371] [INFO] [ExploreAPI] Incoming request: GET /mkt/banknifty
[2025-08-29 14:19:01,142] [INFO] [ExploreAPI] Incoming request: GET /mkt/midcap
[2025-08-29 14:19:01,292] [INFO] [ExploreAPI] Incoming request: GET /mkt/sensex
[2025-08-29 14:19:01,293] [INFO] [ExploreAPI] Incoming request: GET /mkt/nifty50
[2025-08-29 14:19:01,560] [INFO] [ExploreAPI] Incoming request: GET /mkt/banknifty
[2025-08-29 14:19:01,562] [INFO] [ExploreAPI] Incoming request: GET /mkt/movers
[2025-08-29 14:19:01,563] [INFO] [ExploreAPI] Incoming request: GET /mkt/midcap
[2025-08-29 14:19:01,583] [INFO] [ExploreAPI] Incoming request: GET /mkt/sensex
[2025-08-29 14:19:01,587] [INFO] [ExploreAPI] Incoming request: GET /mkt/nifty50
[2025-08-29 14:19:33,628] [INFO] [ExploreAPI] Incoming request: GET /api/financials/INFY
[2025-08-29 14:19:33,925] [INFO] [ExploreAPI] Incoming request: GET /api/history/INFY
[2025-08-29 14:19:33,929] [INFO] [ExploreAPI] Incoming request: GET /api/fundamentals/INFY
[2025-08-29 14:19:33,933] [INFO] [ExploreAPI] Fetching fundamentals for INFY
[2025-08-29 14:19:38,551] [INFO] [ExploreAPI] Fetching 5y history for INFY
[2025-08-29 14:19:38,561] [INFO] [ExploreAPI] Incoming request: GET /api/fundamentals/INFY
[2025-08-29 14:19:38,561] [INFO] [ExploreAPI] Fetching fundamentals for INFY
[2025-08-29 14:19:40,015] [INFO] [ExploreAPI] Incoming request: GET /api/financials/INFY
[2025-08-29 14:19:40,017] [INFO] [ExploreAPI] Incoming request: GET /api/history/INFY
[2025-08-29 14:19:40,020] [INFO] [ExploreAPI] Fetching 5y history for INFY
[2025-08-29 14:20:38,492] [INFO] [ExploreAPI] Incoming request: GET /mkt/movers
[2025-08-29 14:20:38,497] [INFO] [ExploreAPI] Incoming request: GET /mkt/nifty50
[2025-08-29 14:20:38,498] [INFO] [ExploreAPI] Incoming request: GET /mkt/banknifty
[2025-08-29 14:20:38,510] [INFO] [ExploreAPI] Incoming request: GET /mkt/sensex
[2025-08-29 14:20:38,512] [INFO] [ExploreAPI] Incoming request: GET /mkt/midcap
[2025-08-29 14:20:39,607] [INFO] [ExploreAPI] Incoming request: GET /mkt/nifty50
[2025-08-29 14:20:39,613] [INFO] [ExploreAPI] Incoming request: GET /mkt/movers
[2025-08-29 14:20:39,614] [INFO] [ExploreAPI] Incoming request: GET /mkt/banknifty
[2025-08-29 14:20:39,617] [INFO] [ExploreAPI] Incoming request: GET /mkt/sensex
[2025-08-29 14:20:39,627] [INFO] [ExploreAPI] Incoming request: GET /mkt/midcap
[2025-08-29 14:20:48,008] [INFO] [ExploreAPI] Incoming request: GET /api/financials/INFY
[2025-08-29 14:20:48,029] [INFO] [ExploreAPI] Incoming request: GET /api/financials/INFY
[2025-08-29 14:20:48,309] [INFO] [ExploreAPI] Incoming request: GET /api/history/INFY
[2025-08-29 14:20:48,311] [INFO] [ExploreAPI] Incoming request: GET /api/fundamentals/INFY
[2025-08-29 14:20:48,313] [INFO] [ExploreAPI] Fetching fundamentals for INFY
[2025-08-29 14:20:48,313] [INFO] [ExploreAPI] Fetching 5y history for INFY
[2025-08-29 14:20:49,988] [INFO] [ExploreAPI] Incoming request: GET /api/fundamentals/INFY
[2025-08-29 14:20:49,993] [INFO] [ExploreAPI] Fetching fundamentals for INFY
[2025-08-29 14:20:51,005] [INFO] [ExploreAPI] Incoming request: GET /api/history/INFY
[2025-08-29 14:20:51,008] [INFO] [ExploreAPI] Fetching 5y history for INFY
[2025-08-29 14:21:24,588] [INFO] [ExploreAPI] Incoming request: GET /mkt/movers
[2025-08-29 14:21:24,591] [INFO] [ExploreAPI] Incoming request: GET /mkt/nifty50
[2025-08-29 14:21:24,597] [INFO] [ExploreAPI] Incoming request: GET /mkt/midcap
[2025-08-29 14:21:24,598] [INFO] [ExploreAPI] Incoming request: GET /mkt/banknifty
[2025-08-29 14:21:24,600] [INFO] [ExploreAPI] Incoming request: GET /mkt/sensex
[2025-08-29 14:21:24,612] [INFO] [ExploreAPI] Incoming request: GET /mkt/movers
[2025-08-29 14:21:24,617] [INFO] [ExploreAPI] Incoming request: GET /mkt/nifty50
[2025-08-29 14:21:24,621] [INFO] [ExploreAPI] Incoming request: GET /mkt/midcap
[2025-08-29 14:21:24,621] [INFO] [ExploreAPI] Incoming request: GET /mkt/banknifty
[2025-08-29 14:21:24,622] [INFO] [ExploreAPI] Incoming request: GET /mkt/sensex
[2025-08-29 14:22:01,119] [INFO] [ExploreAPI] Incoming request: GET /api/history/ITC
[2025-08-29 14:22:01,121] [INFO] [ExploreAPI] Fetching 5y history for ITC
[2025-08-29 14:22:01,124] [INFO] [ExploreAPI] Incoming request: GET /api/financials/ITC
[2025-08-29 14:22:01,426] [INFO] [ExploreAPI] Incoming request: GET /api/fundamentals/ITC
[2025-08-29 14:22:01,427] [INFO] [ExploreAPI] Fetching fundamentals for ITC
[2025-08-29 14:22:11,182] [INFO] [ExploreAPI] Incoming request: GET /api/fundamentals/ITC
[2025-08-29 14:22:11,185] [INFO] [ExploreAPI] Fetching fundamentals for ITC
[2025-08-29 14:22:15,588] [INFO] [ExploreAPI] Incoming request: GET /api/history/ITC
[2025-08-29 14:22:15,592] [INFO] [ExploreAPI] Incoming request: GET /api/financials/ITC
[2025-08-29 14:22:15,593] [INFO] [ExploreAPI] Fetching 5y history for ITC
[2025-08-29 14:22:31,246] [INFO] [ExploreAPI] Incoming request: GET /mkt/movers
[2025-08-29 14:22:31,253] [INFO] [ExploreAPI] Incoming request: GET /mkt/nifty50
[2025-08-29 14:22:31,537] [INFO] [ExploreAPI] Incoming request: GET /mkt/sensex
[2025-08-29 14:22:31,789] [INFO] [ExploreAPI] Incoming request: GET /mkt/midcap
[2025-08-29 14:22:31,790] [INFO] [ExploreAPI] Incoming request: GET /mkt/nifty50
[2025-08-29 14:22:31,791] [INFO] [ExploreAPI] Incoming request: GET /mkt/movers
[2025-08-29 14:22:31,796] [INFO] [ExploreAPI] Incoming request: GET /mkt/banknifty
[2025-08-29 14:22:32,448] [INFO] [ExploreAPI] Incoming request: GET /mkt/sensex
[2025-08-29 14:22:32,463] [INFO] [ExploreAPI] Incoming request: GET /mkt/midcap
[2025-08-29 14:22:32,467] [INFO] [ExploreAPI] Incoming request: GET /mkt/banknifty
[2025-08-29 14:23:32,018] [INFO] [ExploreAPI] Incoming request: GET /mkt/movers
[2025-08-29 14:23:32,022] [INFO] [ExploreAPI] Incoming request: GET /mkt/sensex
[2025-08-29 14:23:32,023] [INFO] [ExploreAPI] Incoming request: GET /mkt/banknifty
[2025-08-29 14:23:32,023] [INFO] [ExploreAPI] Incoming request: GET /mkt/nifty50
[2025-08-29 14:23:32,024] [INFO] [ExploreAPI] Incoming request: GET /mkt/midcap
[2025-08-29 14:24:31,698] [INFO] [ExploreAPI] Incoming request: GET /mkt/movers
[2025-08-29 14:24:31,705] [INFO] [ExploreAPI] Incoming request: GET /mkt/nifty50
[2025-08-29 14:24:31,710] [INFO] [ExploreAPI] Incoming request: GET /mkt/sensex
[2025-08-29 14:24:31,714] [INFO] [ExploreAPI] Incoming request: GET /mkt/banknifty
[2025-08-29 14:24:31,719] [INFO] [ExploreAPI] Incoming request: GET /mkt/midcap
[2025-08-29 14:25:31,709] [INFO] [ExploreAPI] Incoming request: GET /mkt/movers
[2025-08-29 14:25:31,717] [INFO] [ExploreAPI] Incoming request: GET /mkt/sensex
[2025-08-29 14:25:31,717] [INFO] [ExploreAPI] Incoming request: GET /mkt/nifty50
[2025-08-29 14:25:32,498] [INFO] [ExploreAPI] Incoming request: GET /mkt/banknifty
[2025-08-29 14:25:32,717] [INFO] [ExploreAPI] Incoming request: GET /mkt/midcap
[2025-08-29 14:26:32,012] [INFO] [ExploreAPI] Incoming request: GET /mkt/movers
[2025-08-29 14:26:32,016] [INFO] [ExploreAPI] Incoming request: GET /mkt/sensex
[2025-08-29 14:26:32,017] [INFO] [ExploreAPI] Incoming request: GET /mkt/midcap
[2025-08-29 14:26:32,021] [INFO] [ExploreAPI] Incoming request: GET /mkt/nifty50
[2025-08-29 14:26:32,022] [INFO] [ExploreAPI] Incoming request: GET /mkt/banknifty
[2025-08-29 14:27:31,704] [INFO] [ExploreAPI] Incoming request: GET /mkt/movers
[2025-08-29 14:27:31,713] [INFO] [ExploreAPI] Incoming request: GET /mkt/nifty50
[2025-08-29 14:27:31,718] [INFO] [ExploreAPI] Incoming request: GET /mkt/sensex
[2025-08-29 14:27:31,723] [INFO] [ExploreAPI] Incoming request: GET /mkt/banknifty
[2025-08-29 14:27:31,948] [INFO] [ExploreAPI] Incoming request: GET /mkt/midcap
[2025-08-29 14:28:01,473] [INFO] [ExploreAPI] Incoming request: GET /api/history/YESBANK
[2025-08-29 14:28:01,484] [INFO] [ExploreAPI] Incoming request: GET /api/fundamentals/YESBANK
[2025-08-29 14:28:01,485] [INFO] [ExploreAPI] Fetching fundamentals for YESBANK
[2025-08-29 14:28:02,942] [ERROR] [ExploreAPI] Error fetching fundamentals for YESBANK: 404: No fundamentals found
[2025-08-29 14:28:02,943] [INFO] [ExploreAPI] Fetching 5y history for YESBANK
[2025-08-29 14:28:02,947] [INFO] [ExploreAPI] Incoming request: GET /api/financials/YESBANK
[2025-08-29 14:28:02,948] [INFO] [ExploreAPI] Incoming request: GET /api/fundamentals/YESBANK
[2025-08-29 14:28:02,949] [INFO] [ExploreAPI] Fetching fundamentals for YESBANK
[2025-08-29 14:28:04,065] [ERROR] [ExploreAPI] Error fetching fundamentals for YESBANK: 404: No fundamentals found
[2025-08-29 14:28:04,108] [INFO] [ExploreAPI] Incoming request: GET /api/history/YESBANK
[2025-08-29 14:28:04,110] [INFO] [ExploreAPI] Fetching 5y history for YESBANK
[2025-08-29 14:28:06,655] [INFO] [ExploreAPI] Incoming request: GET /api/financials/YESBANK
[2025-08-29 14:28:30,797] [INFO] [ExploreAPI] Incoming request: GET /mkt/movers
[2025-08-29 14:28:30,800] [INFO] [ExploreAPI] Incoming request: GET /mkt/sensex
[2025-08-29 14:28:30,802] [INFO] [ExploreAPI] Incoming request: GET /mkt/nifty50
[2025-08-29 14:28:31,318] [INFO] [ExploreAPI] Incoming request: GET /mkt/midcap
[2025-08-29 14:28:31,320] [INFO] [ExploreAPI] Incoming request: GET /mkt/banknifty
[2025-08-29 14:28:31,339] [INFO] [ExploreAPI] Incoming request: GET /mkt/sensex
[2025-08-29 14:28:31,345] [INFO] [ExploreAPI] Incoming request: GET /mkt/movers
[2025-08-29 14:28:31,349] [INFO] [ExploreAPI] Incoming request: GET /mkt/midcap
[2025-08-29 14:28:31,350] [INFO] [ExploreAPI] Incoming request: GET /mkt/nifty50
[2025-08-29 14:28:31,353] [INFO] [ExploreAPI] Incoming request: GET /mkt/banknifty
[2025-08-29 14:29:30,796] [INFO] [ExploreAPI] Incoming request: GET /mkt/movers
[2025-08-29 14:29:30,802] [INFO] [ExploreAPI] Incoming request: GET /mkt/nifty50
[2025-08-29 14:29:30,805] [INFO] [ExploreAPI] Incoming request: GET /mkt/banknifty
[2025-08-29 14:29:30,806] [INFO] [ExploreAPI] Incoming request: GET /mkt/sensex
[2025-08-29 14:29:31,330] [INFO] [ExploreAPI] Incoming request: GET /mkt/midcap
[2025-08-29 14:30:30,483] [INFO] [ExploreAPI] Incoming request: GET /mkt/movers
[2025-08-29 14:30:30,525] [INFO] [ExploreAPI] Incoming request: GET /mkt/nifty50
[2025-08-29 14:30:30,862] [INFO] [ExploreAPI] Incoming request: GET /mkt/sensex
[2025-08-29 14:30:30,863] [INFO] [ExploreAPI] Incoming request: GET /mkt/banknifty
[2025-08-29 14:30:30,864] [INFO] [ExploreAPI] Incoming request: GET /mkt/midcap
[2025-08-29 14:31:30,707] [INFO] [ExploreAPI] Incoming request: GET /mkt/movers
[2025-08-29 14:31:30,722] [INFO] [ExploreAPI] Incoming request: GET /mkt/nifty50
[2025-08-29 14:31:31,945] [INFO] [ExploreAPI] Incoming request: GET /mkt/midcap
[2025-08-29 14:31:31,946] [INFO] [ExploreAPI] Incoming request: GET /mkt/banknifty
[2025-08-29 14:31:31,947] [INFO] [ExploreAPI] Incoming request: GET /mkt/sensex
[2025-08-29 14:32:30,701] [INFO] [ExploreAPI] Incoming request: GET /mkt/movers
[2025-08-29 14:32:30,711] [INFO] [ExploreAPI] Incoming request: GET /mkt/nifty50
[2025-08-29 14:32:30,717] [INFO] [ExploreAPI] Incoming request: GET /mkt/sensex
[2025-08-29 14:32:30,722] [INFO] [ExploreAPI] Incoming request: GET /mkt/banknifty
[2025-08-29 14:32:30,730] [INFO] [ExploreAPI] Incoming request: GET /mkt/midcap
[2025-08-29 14:33:30,703] [INFO] [ExploreAPI] Incoming request: GET /mkt/movers
[2025-08-29 14:33:30,708] [INFO] [ExploreAPI] Incoming request: GET /mkt/sensex
[2025-08-29 14:33:30,711] [INFO] [ExploreAPI] Incoming request: GET /mkt/nifty50
[2025-08-29 14:33:30,713] [INFO] [ExploreAPI] Incoming request: GET /mkt/banknifty
[2025-08-29 14:33:32,730] [INFO] [ExploreAPI] Incoming request: GET /mkt/midcap
[2025-08-29 14:34:31,015] [INFO] [ExploreAPI] Incoming request: GET /mkt/movers
[2025-08-29 14:34:31,016] [INFO] [ExploreAPI] Incoming request: GET /mkt/nifty50
[2025-08-29 14:34:31,019] [INFO] [ExploreAPI] Incoming request: GET /mkt/sensex
[2025-08-29 14:34:31,020] [INFO] [ExploreAPI] Incoming request: GET /mkt/banknifty
[2025-08-29 14:34:31,555] [INFO] [ExploreAPI] Incoming request: GET /mkt/midcap
[2025-08-29 14:35:53,016] [INFO] [ExploreAPI] Incoming request: GET /mkt/movers
[2025-08-29 14:35:53,020] [INFO] [ExploreAPI] Incoming request: GET /mkt/sensex
[2025-08-29 14:35:53,021] [INFO] [ExploreAPI] Incoming request: GET /mkt/banknifty
[2025-08-29 14:35:53,026] [INFO] [ExploreAPI] Incoming request: GET /mkt/nifty50
[2025-08-29 14:35:53,984] [INFO] [ExploreAPI] Incoming request: GET /mkt/midcap
[2025-08-29 14:36:52,720] [INFO] [ExploreAPI] Incoming request: GET /mkt/movers
[2025-08-29 14:36:52,726] [INFO] [ExploreAPI] Incoming request: GET /mkt/nifty50
[2025-08-29 14:36:52,732] [INFO] [ExploreAPI] Incoming request: GET /mkt/sensex
[2025-08-29 14:36:52,737] [INFO] [ExploreAPI] Incoming request: GET /mkt/banknifty
[2025-08-29 14:36:52,745] [INFO] [ExploreAPI] Incoming request: GET /mkt/midcap
[2025-08-29 14:37:52,758] [INFO] [ExploreAPI] Incoming request: GET /mkt/movers
[2025-08-29 14:37:52,760] [INFO] [ExploreAPI] Incoming request: GET /mkt/nifty50
[2025-08-29 14:37:52,760] [INFO] [ExploreAPI] Incoming request: GET /mkt/sensex
[2025-08-29 14:37:53,428] [INFO] [ExploreAPI] Incoming request: GET /mkt/banknifty
[2025-08-29 14:37:53,666] [INFO] [ExploreAPI] Incoming request: GET /mkt/midcap
[2025-08-29 14:38:53,029] [INFO] [ExploreAPI] Incoming request: GET /mkt/movers
[2025-08-29 14:38:53,032] [INFO] [ExploreAPI] Incoming request: GET /mkt/nifty50
[2025-08-29 14:38:53,908] [INFO] [ExploreAPI] Incoming request: GET /mkt/banknifty
[2025-08-29 14:38:53,910] [INFO] [ExploreAPI] Incoming request: GET /mkt/sensex
[2025-08-29 14:38:53,912] [INFO] [ExploreAPI] Incoming request: GET /mkt/midcap
[2025-08-29 14:39:52,725] [INFO] [ExploreAPI] Incoming request: GET /mkt/movers
[2025-08-29 14:39:52,730] [INFO] [ExploreAPI] Incoming request: GET /mkt/nifty50
[2025-08-29 14:39:52,735] [INFO] [ExploreAPI] Incoming request: GET /mkt/sensex
[2025-08-29 14:39:52,740] [INFO] [ExploreAPI] Incoming request: GET /mkt/banknifty
[2025-08-29 14:39:52,745] [INFO] [ExploreAPI] Incoming request: GET /mkt/midcap
[2025-08-29 14:40:52,712] [INFO] [ExploreAPI] Incoming request: GET /mkt/movers
[2025-08-29 14:40:52,716] [INFO] [ExploreAPI] Incoming request: GET /mkt/nifty50
[2025-08-29 14:40:52,717] [INFO] [ExploreAPI] Incoming request: GET /mkt/banknifty
[2025-08-29 14:40:52,718] [INFO] [ExploreAPI] Incoming request: GET /mkt/midcap
[2025-08-29 14:40:52,719] [INFO] [ExploreAPI] Incoming request: GET /mkt/sensex
[2025-08-29 14:41:53,019] [INFO] [ExploreAPI] Incoming request: GET /mkt/movers
[2025-08-29 14:41:53,021] [INFO] [ExploreAPI] Incoming request: GET /mkt/sensex
[2025-08-29 14:41:53,021] [INFO] [ExploreAPI] Incoming request: GET /mkt/nifty50
[2025-08-29 14:41:53,022] [INFO] [ExploreAPI] Incoming request: GET /mkt/banknifty
[2025-08-29 14:41:53,248] [INFO] [ExploreAPI] Incoming request: GET /mkt/midcap
[2025-08-29 14:42:52,703] [INFO] [ExploreAPI] Incoming request: GET /mkt/movers
[2025-08-29 14:42:52,707] [INFO] [ExploreAPI] Incoming request: GET /mkt/nifty50
[2025-08-29 14:42:52,711] [INFO] [ExploreAPI] Incoming request: GET /mkt/sensex
[2025-08-29 14:42:52,980] [INFO] [ExploreAPI] Incoming request: GET /mkt/banknifty
[2025-08-29 14:42:53,245] [INFO] [ExploreAPI] Incoming request: GET /mkt/midcap
[2025-08-29 14:43:52,703] [INFO] [ExploreAPI] Incoming request: GET /mkt/movers
[2025-08-29 14:43:52,708] [INFO] [ExploreAPI] Incoming request: GET /mkt/nifty50
[2025-08-29 14:43:53,187] [INFO] [ExploreAPI] Incoming request: GET /mkt/sensex
[2025-08-29 14:43:53,605] [INFO] [ExploreAPI] Incoming request: GET /mkt/banknifty
[2025-08-29 14:43:53,606] [INFO] [ExploreAPI] Incoming request: GET /mkt/midcap
[2025-08-29 14:44:53,027] [INFO] [ExploreAPI] Incoming request: GET /mkt/movers
[2025-08-29 14:44:53,031] [INFO] [ExploreAPI] Incoming request: GET /mkt/banknifty
[2025-08-29 14:44:53,033] [INFO] [ExploreAPI] Incoming request: GET /mkt/midcap
[2025-08-29 14:44:53,034] [INFO] [ExploreAPI] Incoming request: GET /mkt/sensex
[2025-08-29 14:44:53,036] [INFO] [ExploreAPI] Incoming request: GET /mkt/nifty50
[2025-08-29 14:45:53,021] [INFO] [ExploreAPI] Incoming request: GET /mkt/movers
[2025-08-29 14:45:53,024] [INFO] [ExploreAPI] Incoming request: GET /mkt/nifty50
[2025-08-29 14:45:53,025] [INFO] [ExploreAPI] Incoming request: GET /mkt/sensex
[2025-08-29 14:45:53,544] [INFO] [ExploreAPI] Incoming request: GET /mkt/midcap
[2025-08-29 14:45:53,544] [INFO] [ExploreAPI] Incoming request: GET /mkt/banknifty
[2025-08-29 14:46:52,711] [INFO] [ExploreAPI] Incoming request: GET /mkt/movers
[2025-08-29 14:46:52,721] [INFO] [ExploreAPI] Incoming request: GET /mkt/nifty50
[2025-08-29 14:46:52,930] [INFO] [ExploreAPI] Incoming request: GET /mkt/sensex
[2025-08-29 14:46:52,934] [INFO] [ExploreAPI] Incoming request: GET /mkt/banknifty
[2025-08-29 14:46:52,937] [INFO] [ExploreAPI] Incoming request: GET /mkt/midcap
[2025-08-29 14:47:53,028] [INFO] [ExploreAPI] Incoming request: GET /mkt/movers
[2025-08-29 14:47:53,032] [INFO] [ExploreAPI] Incoming request: GET /mkt/banknifty
[2025-08-29 14:47:53,033] [INFO] [ExploreAPI] Incoming request: GET /mkt/nifty50
[2025-08-29 14:47:53,034] [INFO] [ExploreAPI] Incoming request: GET /mkt/sensex
[2025-08-29 14:47:53,034] [INFO] [ExploreAPI] Incoming request: GET /mkt/midcap
[2025-08-29 14:48:52,710] [INFO] [ExploreAPI] Incoming request: GET /mkt/movers
[2025-08-29 14:49:07,211] [INFO] [ExploreAPI] Incoming request: GET /mkt/sensex
[2025-08-29 14:49:07,212] [INFO] [ExploreAPI] Incoming request: GET /mkt/midcap
[2025-08-29 14:49:07,213] [INFO] [ExploreAPI] Incoming request: GET /mkt/nifty50
[2025-08-29 14:49:07,214] [INFO] [ExploreAPI] Incoming request: GET /mkt/banknifty
[2025-08-29 14:49:53,047] [INFO] [ExploreAPI] Incoming request: GET /mkt/movers
[2025-08-29 14:49:53,050] [INFO] [ExploreAPI] Incoming request: GET /mkt/banknifty
[2025-08-29 14:49:53,051] [INFO] [ExploreAPI] Incoming request: GET /mkt/nifty50
[2025-08-29 14:49:53,051] [INFO] [ExploreAPI] Incoming request: GET /mkt/sensex
[2025-08-29 14:49:53,052] [INFO] [ExploreAPI] Incoming request: GET /mkt/midcap
[2025-08-29 14:50:52,714] [INFO] [ExploreAPI] Incoming request: GET /mkt/movers
[2025-08-29 14:50:52,724] [INFO] [ExploreAPI] Incoming request: GET /mkt/nifty50
[2025-08-29 14:50:53,370] [INFO] [ExploreAPI] Incoming request: GET /mkt/banknifty
[2025-08-29 14:50:53,371] [INFO] [ExploreAPI] Incoming request: GET /mkt/sensex
[2025-08-29 14:50:53,372] [INFO] [ExploreAPI] Incoming request: GET /mkt/midcap
[2025-08-29 14:51:52,706] [INFO] [ExploreAPI] Incoming request: GET /mkt/movers
[2025-08-29 14:51:52,712] [INFO] [ExploreAPI] Incoming request: GET /mkt/nifty50
[2025-08-29 14:51:52,717] [INFO] [ExploreAPI] Incoming request: GET /mkt/sensex
[2025-08-29 14:51:52,720] [INFO] [ExploreAPI] Incoming request: GET /mkt/banknifty
[2025-08-29 14:51:52,724] [INFO] [ExploreAPI] Incoming request: GET /mkt/midcap
[2025-08-29 14:52:49,189] [INFO] [ExploreAPI] Incoming request: GET /mkt/movers
[2025-08-29 14:52:49,193] [INFO] [ExploreAPI] Incoming request: GET /mkt/nifty50
[2025-08-29 14:52:49,898] [INFO] [ExploreAPI] Incoming request: GET /mkt/sensex
[2025-08-29 14:52:49,900] [INFO] [ExploreAPI] Incoming request: GET /mkt/banknifty
[2025-08-29 14:52:50,464] [INFO] [ExploreAPI] Incoming request: GET /mkt/midcap
[2025-08-29 14:53:49,493] [INFO] [ExploreAPI] Incoming request: GET /mkt/movers
[2025-08-29 14:53:49,498] [INFO] [ExploreAPI] Incoming request: GET /mkt/nifty50
[2025-08-29 14:53:49,498] [INFO] [ExploreAPI] Incoming request: GET /mkt/banknifty
[2025-08-29 14:53:49,501] [INFO] [ExploreAPI] Incoming request: GET /mkt/sensex
[2025-08-29 14:53:49,501] [INFO] [ExploreAPI] Incoming request: GET /mkt/midcap
[2025-08-29 14:54:49,190] [INFO] [ExploreAPI] Incoming request: GET /mkt/movers
[2025-08-29 14:54:49,196] [INFO] [ExploreAPI] Incoming request: GET /mkt/nifty50
[2025-08-29 14:54:49,204] [INFO] [ExploreAPI] Incoming request: GET /mkt/sensex
[2025-08-29 14:54:49,213] [INFO] [ExploreAPI] Incoming request: GET /mkt/banknifty
[2025-08-29 14:54:49,509] [INFO] [ExploreAPI] Incoming request: GET /mkt/midcap
[2025-08-29 14:56:18,416] [INFO] [ExploreAPI] Incoming request: GET /mkt/movers
[2025-08-29 14:56:18,419] [INFO] [ExploreAPI] Incoming request: GET /mkt/nifty50
[2025-08-29 14:56:18,752] [INFO] [ExploreAPI] Incoming request: GET /mkt/midcap
[2025-08-29 14:56:18,752] [INFO] [ExploreAPI] Incoming request: GET /mkt/banknifty
[2025-08-29 14:56:18,752] [INFO] [ExploreAPI] Incoming request: GET /mkt/sensex
[2025-08-29 14:56:24,050] [INFO] [ExploreAPI] Incoming request: GET /mkt/movers
[2025-08-29 14:56:24,052] [INFO] [ExploreAPI] Incoming request: GET /mkt/nifty50
[2025-08-29 14:56:24,054] [INFO] [ExploreAPI] Incoming request: GET /mkt/banknifty
[2025-08-29 14:56:24,054] [INFO] [ExploreAPI] Incoming request: GET /mkt/midcap
[2025-08-29 14:56:24,055] [INFO] [ExploreAPI] Incoming request: GET /mkt/sensex
[2025-08-29 14:56:24,057] [INFO] [ExploreAPI] Incoming request: GET /mkt/movers
[2025-08-29 14:56:24,064] [INFO] [ExploreAPI] Incoming request: GET /mkt/nifty50
[2025-08-29 14:56:24,065] [INFO] [ExploreAPI] Incoming request: GET /mkt/banknifty
[2025-08-29 14:56:24,066] [INFO] [ExploreAPI] Incoming request: GET /mkt/midcap
[2025-08-29 14:56:24,067] [INFO] [ExploreAPI] Incoming request: GET /mkt/sensex
[2025-08-29 14:57:24,362] [INFO] [ExploreAPI] Incoming request: GET /mkt/movers
[2025-08-29 14:57:24,364] [INFO] [ExploreAPI] Incoming request: GET /mkt/nifty50
[2025-08-29 14:57:24,504] [INFO] [ExploreAPI] Incoming request: GET /mkt/sensex
[2025-08-29 14:57:24,505] [INFO] [ExploreAPI] Incoming request: GET /mkt/midcap
[2025-08-29 14:57:24,506] [INFO] [ExploreAPI] Incoming request: GET /mkt/banknifty
[2025-08-29 14:58:24,063] [INFO] [ExploreAPI] Incoming request: GET /mkt/movers
[2025-08-29 14:58:24,068] [INFO] [ExploreAPI] Incoming request: GET /mkt/nifty50
[2025-08-29 14:58:24,076] [INFO] [ExploreAPI] Incoming request: GET /mkt/sensex
[2025-08-29 14:58:24,082] [INFO] [ExploreAPI] Incoming request: GET /mkt/banknifty
[2025-08-29 14:58:24,087] [INFO] [ExploreAPI] Incoming request: GET /mkt/midcap
[2025-08-29 14:59:24,063] [INFO] [ExploreAPI] Incoming request: GET /mkt/movers
[2025-08-29 14:59:24,068] [INFO] [ExploreAPI] Incoming request: GET /mkt/nifty50
[2025-08-29 14:59:25,191] [INFO] [ExploreAPI] Incoming request: GET /mkt/sensex
[2025-08-29 14:59:25,192] [INFO] [ExploreAPI] Incoming request: GET /mkt/banknifty
[2025-08-29 14:59:25,642] [INFO] [ExploreAPI] Incoming request: GET /mkt/midcap
[2025-08-29 15:00:24,510] [INFO] [ExploreAPI] Incoming request: GET /mkt/sensex
[2025-08-29 15:00:24,511] [INFO] [ExploreAPI] Incoming request: GET /mkt/nifty50
[2025-08-29 15:00:24,511] [INFO] [ExploreAPI] Incoming request: GET /mkt/movers
[2025-08-29 15:00:24,906] [INFO] [ExploreAPI] Incoming request: GET /mkt/banknifty
[2025-08-29 15:00:24,911] [INFO] [ExploreAPI] Incoming request: GET /mkt/midcap
[2025-08-30 11:10:08,231] [INFO] [ExploreAPI] Incoming request: GET /mkt/movers
[2025-08-30 11:10:08,233] [INFO] [ExploreAPI] Incoming request: GET /mkt/nifty50
[2025-08-30 11:10:23,204] [INFO] [ExploreAPI] Incoming request: GET /mkt/midcap
[2025-08-30 11:10:23,372] [INFO] [ExploreAPI] Incoming request: GET /mkt/nifty50
[2025-08-30 11:10:23,373] [INFO] [ExploreAPI] Incoming request: GET /mkt/sensex
[2025-08-30 11:10:23,378] [INFO] [ExploreAPI] Incoming request: GET /mkt/banknifty
[2025-08-30 11:10:23,378] [INFO] [ExploreAPI] Incoming request: GET /mkt/movers
[2025-08-30 11:10:23,809] [INFO] [ExploreAPI] Incoming request: GET /mkt/midcap
[2025-08-30 11:10:23,820] [INFO] [ExploreAPI] Incoming request: GET /mkt/sensex
[2025-08-30 11:10:23,823] [INFO] [ExploreAPI] Incoming request: GET /mkt/banknifty
[2025-08-30 11:10:35,861] [INFO] [ExploreAPI] Incoming request: GET /api/financials/BEL
[2025-08-30 11:10:36,127] [INFO] [ExploreAPI] Incoming request: GET /api/history/BEL
[2025-08-30 11:10:36,129] [INFO] [ExploreAPI] Incoming request: GET /api/fundamentals/BEL
[2025-08-30 11:10:36,130] [INFO] [ExploreAPI] Fetching fundamentals for BEL
[2025-08-30 11:10:54,192] [INFO] [ExploreAPI] Fetching 5y history for BEL
[2025-08-30 11:10:54,195] [INFO] [ExploreAPI] Incoming request: GET /api/fundamentals/BEL
[2025-08-30 11:10:54,196] [INFO] [ExploreAPI] Fetching fundamentals for BEL
[2025-08-30 11:10:55,992] [INFO] [ExploreAPI] Incoming request: GET /api/history/BEL
[2025-08-30 11:10:55,995] [INFO] [ExploreAPI] Incoming request: GET /api/financials/BEL
[2025-08-30 11:10:55,996] [INFO] [ExploreAPI] Fetching 5y history for BEL
[2025-08-30 11:11:21,170] [INFO] [ExploreAPI] Incoming request: GET /mkt/movers
[2025-08-30 11:11:21,177] [INFO] [ExploreAPI] Incoming request: GET /mkt/nifty50
[2025-08-30 11:11:21,188] [INFO] [ExploreAPI] Incoming request: GET /mkt/banknifty
[2025-08-30 11:11:21,191] [INFO] [ExploreAPI] Incoming request: GET /mkt/movers
[2025-08-30 11:11:21,192] [INFO] [ExploreAPI] Incoming request: GET /mkt/sensex
[2025-08-30 11:11:21,193] [INFO] [ExploreAPI] Incoming request: GET /mkt/midcap
[2025-08-30 11:11:21,198] [INFO] [ExploreAPI] Incoming request: GET /mkt/nifty50
[2025-08-30 11:11:21,211] [INFO] [ExploreAPI] Incoming request: GET /mkt/banknifty
[2025-08-30 11:11:21,212] [INFO] [ExploreAPI] Incoming request: GET /mkt/midcap
[2025-08-30 11:11:21,213] [INFO] [ExploreAPI] Incoming request: GET /mkt/sensex
[2025-08-30 11:12:20,866] [INFO] [ExploreAPI] Incoming request: GET /mkt/movers
[2025-08-30 11:12:20,870] [INFO] [ExploreAPI] Incoming request: GET /mkt/nifty50
[2025-08-30 11:12:21,032] [INFO] [ExploreAPI] Incoming request: GET /mkt/sensex
[2025-08-30 11:12:21,180] [INFO] [ExploreAPI] Incoming request: GET /mkt/banknifty
[2025-08-30 11:12:21,421] [INFO] [ExploreAPI] Incoming request: GET /mkt/midcap
[2025-08-30 11:13:22,025] [INFO] [ExploreAPI] Incoming request: GET /mkt/movers
[2025-08-30 11:13:22,027] [INFO] [ExploreAPI] Incoming request: GET /mkt/midcap
[2025-08-30 11:13:22,027] [INFO] [ExploreAPI] Incoming request: GET /mkt/sensex
[2025-08-30 11:13:22,027] [INFO] [ExploreAPI] Incoming request: GET /mkt/banknifty
[2025-08-30 11:13:22,028] [INFO] [ExploreAPI] Incoming request: GET /mkt/nifty50
[2025-08-30 11:14:20,869] [INFO] [ExploreAPI] Incoming request: GET /mkt/movers
[2025-08-30 11:14:20,873] [INFO] [ExploreAPI] Incoming request: GET /mkt/nifty50
[2025-08-30 11:14:20,877] [INFO] [ExploreAPI] Incoming request: GET /mkt/sensex
[2025-08-30 11:14:20,880] [INFO] [ExploreAPI] Incoming request: GET /mkt/banknifty
[2025-08-30 11:14:20,884] [INFO] [ExploreAPI] Incoming request: GET /mkt/midcap
[2025-08-30 11:15:22,014] [INFO] [ExploreAPI] Incoming request: GET /mkt/movers
[2025-08-30 11:15:22,016] [INFO] [ExploreAPI] Incoming request: GET /mkt/sensex
[2025-08-30 11:15:22,017] [INFO] [ExploreAPI] Incoming request: GET /mkt/nifty50
[2025-08-30 11:15:22,017] [INFO] [ExploreAPI] Incoming request: GET /mkt/banknifty
[2025-08-30 11:15:22,017] [INFO] [ExploreAPI] Incoming request: GET /mkt/midcap
[2025-08-30 11:16:21,724] [INFO] [ExploreAPI] Incoming request: GET /mkt/movers
[2025-08-30 11:16:21,732] [INFO] [ExploreAPI] Incoming request: GET /mkt/nifty50
[2025-08-30 11:16:21,736] [INFO] [ExploreAPI] Incoming request: GET /mkt/sensex
[2025-08-30 11:16:21,742] [INFO] [ExploreAPI] Incoming request: GET /mkt/banknifty
[2025-08-30 11:16:21,747] [INFO] [ExploreAPI] Incoming request: GET /mkt/midcap
[2025-08-30 11:17:21,713] [INFO] [ExploreAPI] Incoming request: GET /mkt/movers
[2025-08-30 11:17:21,715] [INFO] [ExploreAPI] Incoming request: GET /mkt/nifty50
[2025-08-30 11:17:22,156] [INFO] [ExploreAPI] Incoming request: GET /mkt/midcap
[2025-08-30 11:17:22,157] [INFO] [ExploreAPI] Incoming request: GET /mkt/sensex
[2025-08-30 11:17:22,158] [INFO] [ExploreAPI] Incoming request: GET /mkt/banknifty
[2025-08-30 11:18:22,040] [INFO] [ExploreAPI] Incoming request: GET /mkt/movers
[2025-08-30 11:18:22,046] [INFO] [ExploreAPI] Incoming request: GET /mkt/nifty50
[2025-08-30 11:18:22,216] [INFO] [ExploreAPI] Incoming request: GET /mkt/midcap
[2025-08-30 11:18:22,217] [INFO] [ExploreAPI] Incoming request: GET /mkt/sensex
[2025-08-30 11:18:22,218] [INFO] [ExploreAPI] Incoming request: GET /mkt/banknifty
[2025-08-30 11:19:54,294] [INFO] [ExploreAPI] Incoming request: GET /mkt/movers
[2025-08-30 11:19:54,298] [INFO] [ExploreAPI] Incoming request: GET /mkt/banknifty
[2025-08-30 11:19:54,299] [INFO] [ExploreAPI] Incoming request: GET /mkt/sensex
[2025-08-30 11:19:54,300] [INFO] [ExploreAPI] Incoming request: GET /mkt/nifty50
[2025-08-30 11:19:55,072] [INFO] [ExploreAPI] Incoming request: GET /mkt/midcap
[2025-08-30 11:20:21,717] [INFO] [ExploreAPI] Incoming request: GET /mkt/sensex
[2025-08-30 11:20:21,724] [INFO] [ExploreAPI] Incoming request: GET /mkt/banknifty
[2025-08-30 11:20:21,729] [INFO] [ExploreAPI] Incoming request: GET /mkt/midcap
[2025-08-30 11:20:21,735] [INFO] [ExploreAPI] Incoming request: GET /mkt/movers
[2025-08-30 11:20:21,741] [INFO] [ExploreAPI] Incoming request: GET /mkt/nifty50
[2025-08-30 11:21:20,868] [INFO] [ExploreAPI] Incoming request: GET /mkt/movers
[2025-08-30 11:21:20,872] [INFO] [ExploreAPI] Incoming request: GET /mkt/nifty50
[2025-08-30 11:21:21,060] [INFO] [ExploreAPI] Incoming request: GET /mkt/sensex
[2025-08-30 11:21:21,218] [INFO] [ExploreAPI] Incoming request: GET /mkt/banknifty
[2025-08-30 11:21:21,362] [INFO] [ExploreAPI] Incoming request: GET /mkt/midcap
[2025-08-30 11:22:20,871] [INFO] [ExploreAPI] Incoming request: GET /mkt/movers
[2025-08-30 11:22:20,877] [INFO] [ExploreAPI] Incoming request: GET /mkt/nifty50
[2025-08-30 11:22:21,133] [INFO] [ExploreAPI] Incoming request: GET /mkt/sensex
[2025-08-30 11:22:21,356] [INFO] [ExploreAPI] Incoming request: GET /mkt/banknifty
[2025-08-30 11:22:21,357] [INFO] [ExploreAPI] Incoming request: GET /mkt/midcap
[2025-08-30 11:23:21,749] [INFO] [ExploreAPI] Incoming request: GET /mkt/movers
[2025-08-30 11:23:21,752] [INFO] [ExploreAPI] Incoming request: GET /mkt/nifty50
[2025-08-30 11:23:21,903] [INFO] [ExploreAPI] Incoming request: GET /mkt/banknifty
[2025-08-30 11:23:21,904] [INFO] [ExploreAPI] Incoming request: GET /mkt/midcap
[2025-08-30 11:23:21,905] [INFO] [ExploreAPI] Incoming request: GET /mkt/sensex
[2025-08-30 11:24:21,720] [INFO] [ExploreAPI] Incoming request: GET /mkt/movers
[2025-08-30 11:24:21,736] [INFO] [ExploreAPI] Incoming request: GET /mkt/nifty50
[2025-08-30 11:24:21,740] [INFO] [ExploreAPI] Incoming request: GET /mkt/sensex
[2025-08-30 11:24:21,744] [INFO] [ExploreAPI] Incoming request: GET /mkt/banknifty
[2025-08-30 11:24:21,747] [INFO] [ExploreAPI] Incoming request: GET /mkt/midcap
[2025-08-30 11:26:04,740] [INFO] [ExploreAPI] Incoming request: GET /mkt/movers
[2025-08-30 11:26:04,744] [INFO] [ExploreAPI] Incoming request: GET /mkt/nifty50
[2025-08-30 11:26:06,094] [INFO] [ExploreAPI] Incoming request: GET /mkt/banknifty
[2025-08-30 11:26:06,095] [INFO] [ExploreAPI] Incoming request: GET /mkt/midcap
[2025-08-30 11:26:06,095] [INFO] [ExploreAPI] Incoming request: GET /mkt/sensex
[2025-08-30 11:26:06,732] [INFO] [ExploreAPI] Incoming request: GET /mkt/movers
[2025-08-30 11:26:06,734] [INFO] [ExploreAPI] Incoming request: GET /mkt/nifty50
[2025-08-30 11:26:06,735] [INFO] [ExploreAPI] Incoming request: GET /mkt/banknifty
[2025-08-30 11:26:06,736] [INFO] [ExploreAPI] Incoming request: GET /mkt/midcap
[2025-08-30 11:26:06,738] [INFO] [ExploreAPI] Incoming request: GET /mkt/sensex
[2025-08-30 11:26:44,263] [INFO] [ExploreAPI] Incoming request: GET /mkt/movers
[2025-08-30 11:26:44,266] [INFO] [ExploreAPI] Incoming request: GET /mkt/midcap
[2025-08-30 11:26:44,267] [INFO] [ExploreAPI] Incoming request: GET /mkt/banknifty
[2025-08-30 11:26:44,268] [INFO] [ExploreAPI] Incoming request: GET /mkt/sensex
[2025-08-30 11:26:44,268] [INFO] [ExploreAPI] Incoming request: GET /mkt/nifty50
[2025-08-30 11:26:44,275] [INFO] [ExploreAPI] Incoming request: GET /mkt/movers
[2025-08-30 11:26:44,277] [INFO] [ExploreAPI] Incoming request: GET /mkt/midcap
[2025-08-30 11:26:44,278] [INFO] [ExploreAPI] Incoming request: GET /mkt/sensex
[2025-08-30 11:26:44,278] [INFO] [ExploreAPI] Incoming request: GET /mkt/banknifty
[2025-08-30 11:26:44,282] [INFO] [ExploreAPI] Incoming request: GET /mkt/nifty50
[2025-08-30 11:26:47,963] [INFO] [ExploreAPI] Incoming request: GET /mkt/movers
[2025-08-30 11:26:47,968] [INFO] [ExploreAPI] Incoming request: GET /mkt/midcap
[2025-08-30 11:26:47,969] [INFO] [ExploreAPI] Incoming request: GET /mkt/sensex
[2025-08-30 11:26:47,969] [INFO] [ExploreAPI] Incoming request: GET /mkt/banknifty
[2025-08-30 11:26:47,970] [INFO] [ExploreAPI] Incoming request: GET /mkt/nifty50
[2025-08-30 11:26:47,973] [INFO] [ExploreAPI] Incoming request: GET /mkt/movers
[2025-08-30 11:26:47,980] [INFO] [ExploreAPI] Incoming request: GET /mkt/midcap
[2025-08-30 11:26:47,984] [INFO] [ExploreAPI] Incoming request: GET /mkt/sensex
[2025-08-30 11:26:47,985] [INFO] [ExploreAPI] Incoming request: GET /mkt/banknifty
[2025-08-30 11:26:47,986] [INFO] [ExploreAPI] Incoming request: GET /mkt/nifty50
[2025-08-30 11:28:30,308] [INFO] [ExploreAPI] Incoming request: GET /mkt/movers
[2025-08-30 11:28:30,311] [INFO] [ExploreAPI] Incoming request: GET /mkt/sensex
[2025-08-30 11:28:30,312] [INFO] [ExploreAPI] Incoming request: GET /mkt/nifty50
[2025-08-30 11:28:31,023] [INFO] [ExploreAPI] Incoming request: GET /mkt/midcap
[2025-08-30 11:28:31,024] [INFO] [ExploreAPI] Incoming request: GET /mkt/banknifty
[2025-08-30 11:28:31,421] [INFO] [ExploreAPI] Incoming request: GET /mkt/movers
[2025-08-30 11:28:31,426] [INFO] [ExploreAPI] Incoming request: GET /mkt/sensex
[2025-08-30 11:28:31,427] [INFO] [ExploreAPI] Incoming request: GET /mkt/nifty50
[2025-08-30 11:28:31,429] [INFO] [ExploreAPI] Incoming request: GET /mkt/midcap
[2025-08-30 11:28:31,430] [INFO] [ExploreAPI] Incoming request: GET /mkt/banknifty
[2025-08-30 11:29:28,418] [INFO] [ExploreAPI] Incoming request: GET /mkt/movers
[2025-08-30 11:29:28,421] [INFO] [ExploreAPI] Incoming request: GET /mkt/sensex
[2025-08-30 11:29:28,422] [INFO] [ExploreAPI] Incoming request: GET /mkt/midcap
[2025-08-30 11:29:28,423] [INFO] [ExploreAPI] Incoming request: GET /mkt/nifty50
[2025-08-30 11:29:28,424] [INFO] [ExploreAPI] Incoming request: GET /mkt/banknifty
[2025-08-30 11:29:28,444] [INFO] [ExploreAPI] Incoming request: GET /mkt/movers
[2025-08-30 11:29:28,453] [INFO] [ExploreAPI] Incoming request: GET /mkt/sensex
[2025-08-30 11:29:28,455] [INFO] [ExploreAPI] Incoming request: GET /mkt/midcap
[2025-08-30 11:29:28,457] [INFO] [ExploreAPI] Incoming request: GET /mkt/banknifty
[2025-08-30 11:29:28,458] [INFO] [ExploreAPI] Incoming request: GET /mkt/nifty50
[2025-08-30 11:30:29,083] [INFO] [ExploreAPI] Incoming request: GET /mkt/sensex
[2025-08-30 11:30:29,713] [INFO] [ExploreAPI] Incoming request: GET /mkt/midcap
[2025-08-30 11:30:29,713] [INFO] [ExploreAPI] Incoming request: GET /mkt/banknifty
[2025-08-30 11:30:30,090] [INFO] [ExploreAPI] Incoming request: GET /mkt/movers
[2025-08-30 11:30:30,094] [INFO] [ExploreAPI] Incoming request: GET /mkt/nifty50
[2025-08-30 11:31:28,737] [INFO] [ExploreAPI] Incoming request: GET /mkt/movers
[2025-08-30 11:31:28,743] [INFO] [ExploreAPI] Incoming request: GET /mkt/nifty50
[2025-08-30 11:31:28,748] [INFO] [ExploreAPI] Incoming request: GET /mkt/sensex
[2025-08-30 11:31:28,751] [INFO] [ExploreAPI] Incoming request: GET /mkt/banknifty
[2025-08-30 11:31:28,755] [INFO] [ExploreAPI] Incoming request: GET /mkt/midcap
[2025-08-30 11:33:00,773] [INFO] [ExploreAPI] Incoming request: GET /mkt/movers
[2025-08-30 11:33:00,777] [INFO] [ExploreAPI] Incoming request: GET /mkt/nifty50
[2025-08-30 11:33:00,778] [INFO] [ExploreAPI] Incoming request: GET /mkt/banknifty
[2025-08-30 11:33:00,779] [INFO] [ExploreAPI] Incoming request: GET /mkt/sensex
[2025-08-30 11:33:01,727] [INFO] [ExploreAPI] Incoming request: GET /mkt/midcap
[2025-08-30 11:33:01,990] [INFO] [ExploreAPI] Incoming request: GET /mkt/nifty50
[2025-08-30 11:33:01,994] [INFO] [ExploreAPI] Incoming request: GET /mkt/movers
[2025-08-30 11:33:02,000] [INFO] [ExploreAPI] Incoming request: GET /mkt/banknifty
[2025-08-30 11:33:02,002] [INFO] [ExploreAPI] Incoming request: GET /mkt/sensex
[2025-08-30 11:33:02,008] [INFO] [ExploreAPI] Incoming request: GET /mkt/midcap
[2025-08-30 11:34:01,031] [INFO] [ExploreAPI] Incoming request: GET /mkt/movers
[2025-08-30 11:34:01,035] [INFO] [ExploreAPI] Incoming request: GET /mkt/nifty50
[2025-08-30 11:34:01,036] [INFO] [ExploreAPI] Incoming request: GET /mkt/sensex
[2025-08-30 11:34:01,183] [INFO] [ExploreAPI] Incoming request: GET /mkt/banknifty
[2025-08-30 11:34:01,184] [INFO] [ExploreAPI] Incoming request: GET /mkt/midcap
[2025-08-30 11:35:00,725] [INFO] [ExploreAPI] Incoming request: GET /mkt/movers
[2025-08-30 11:35:00,731] [INFO] [ExploreAPI] Incoming request: GET /mkt/nifty50
[2025-08-30 11:35:00,738] [INFO] [ExploreAPI] Incoming request: GET /mkt/sensex
[2025-08-30 11:35:00,921] [INFO] [ExploreAPI] Incoming request: GET /mkt/banknifty
[2025-08-30 11:35:00,929] [INFO] [ExploreAPI] Incoming request: GET /mkt/midcap
[2025-08-30 11:36:00,710] [INFO] [ExploreAPI] Incoming request: GET /mkt/movers
[2025-08-30 11:36:00,714] [INFO] [ExploreAPI] Incoming request: GET /mkt/nifty50
[2025-08-30 11:36:00,852] [INFO] [ExploreAPI] Incoming request: GET /mkt/banknifty
[2025-08-30 11:36:00,853] [INFO] [ExploreAPI] Incoming request: GET /mkt/sensex
[2025-08-30 11:36:01,251] [INFO] [ExploreAPI] Incoming request: GET /mkt/midcap
[2025-08-30 11:37:01,029] [INFO] [ExploreAPI] Incoming request: GET /mkt/movers
[2025-08-30 11:37:01,032] [INFO] [ExploreAPI] Incoming request: GET /mkt/nifty50
[2025-08-30 11:37:01,259] [INFO] [ExploreAPI] Incoming request: GET /mkt/midcap
[2025-08-30 11:37:01,260] [INFO] [ExploreAPI] Incoming request: GET /mkt/banknifty
[2025-08-30 11:37:01,260] [INFO] [ExploreAPI] Incoming request: GET /mkt/sensex
[2025-08-30 11:38:00,720] [INFO] [ExploreAPI] Incoming request: GET /mkt/movers
[2025-08-30 11:38:00,726] [INFO] [ExploreAPI] Incoming request: GET /mkt/nifty50
[2025-08-30 11:38:00,734] [INFO] [ExploreAPI] Incoming request: GET /mkt/sensex
[2025-08-30 11:38:00,743] [INFO] [ExploreAPI] Incoming request: GET /mkt/banknifty
[2025-08-30 11:38:00,753] [INFO] [ExploreAPI] Incoming request: GET /mkt/midcap
[2025-08-30 11:39:01,031] [INFO] [ExploreAPI] Incoming request: GET /mkt/movers
[2025-08-30 11:39:01,034] [INFO] [ExploreAPI] Incoming request: GET /mkt/nifty50
[2025-08-30 11:39:01,325] [INFO] [ExploreAPI] Incoming request: GET /mkt/banknifty
[2025-08-30 11:39:01,325] [INFO] [ExploreAPI] Incoming request: GET /mkt/midcap
[2025-08-30 11:39:01,326] [INFO] [ExploreAPI] Incoming request: GET /mkt/sensex
[2025-08-30 11:40:16,149] [INFO] [ExploreAPI] Incoming request: GET /mkt/movers
[2025-08-30 11:40:27,495] [INFO] [ExploreAPI] Incoming request: GET /mkt/banknifty
[2025-08-30 11:40:27,496] [INFO] [ExploreAPI] Incoming request: GET /mkt/nifty50
[2025-08-30 11:40:27,497] [INFO] [ExploreAPI] Incoming request: GET /mkt/midcap
[2025-08-30 11:40:27,498] [INFO] [ExploreAPI] Incoming request: GET /mkt/sensex
[2025-08-30 11:40:28,151] [INFO] [ExploreAPI] Incoming request: GET /mkt/movers
[2025-08-30 11:40:28,174] [INFO] [ExploreAPI] Incoming request: GET /mkt/banknifty
[2025-08-30 11:40:28,180] [INFO] [ExploreAPI] Incoming request: GET /mkt/nifty50
[2025-08-30 11:40:28,182] [INFO] [ExploreAPI] Incoming request: GET /mkt/midcap
[2025-08-30 11:40:28,184] [INFO] [ExploreAPI] Incoming request: GET /mkt/sensex
[2025-08-30 11:41:04,678] [INFO] [ExploreAPI] Incoming request: GET /mkt/movers
[2025-08-30 11:41:04,685] [INFO] [ExploreAPI] Incoming request: GET /mkt/movers
[2025-08-30 11:41:09,936] [INFO] [ExploreAPI] Incoming request: GET /mkt/movers
[2025-08-30 11:41:09,941] [INFO] [ExploreAPI] Incoming request: GET /mkt/movers
[2025-08-30 11:41:11,929] [INFO] [ExploreAPI] Incoming request: GET /mkt/movers
[2025-08-30 11:41:11,936] [INFO] [ExploreAPI] Incoming request: GET /mkt/movers
[2025-08-30 11:41:23,674] [INFO] [ExploreAPI] Incoming request: GET /mkt/movers
[2025-08-30 12:55:33,462] [INFO] [ExploreAPI] Incoming request: GET /mkt/movers
[2025-08-30 12:55:40,971] [INFO] [ExploreAPI] Incoming request: GET /mkt/movers
[2025-08-30 12:55:43,386] [INFO] [ExploreAPI] Incoming request: GET /mkt/movers
[2025-08-30 12:55:44,370] [INFO] [ExploreAPI] Incoming request: GET /mkt/movers
[2025-08-30 12:55:48,883] [INFO] [ExploreAPI] Incoming request: GET /mkt/movers
[2025-08-30 13:00:08,036] [INFO] [ExploreAPI] Incoming request: GET /mkt/movers
[2025-08-30 13:00:08,620] [INFO] [ExploreAPI] Incoming request: GET /mkt/movers
[2025-08-30 13:00:15,500] [INFO] [ExploreAPI] Incoming request: GET /mkt/movers
[2025-08-30 13:00:15,521] [INFO] [ExploreAPI] Incoming request: GET /mkt/nifty50
[2025-08-30 13:00:16,216] [INFO] [ExploreAPI] Incoming request: GET /mkt/sensex
[2025-08-30 13:00:16,501] [INFO] [ExploreAPI] Incoming request: GET /mkt/banknifty
[2025-08-30 13:00:16,762] [INFO] [ExploreAPI] Incoming request: GET /mkt/midcap
[2025-08-30 13:00:16,916] [INFO] [ExploreAPI] Incoming request: GET /mkt/movers
[2025-08-30 13:00:16,919] [INFO] [ExploreAPI] Incoming request: GET /mkt/nifty50
[2025-08-30 13:00:16,919] [INFO] [ExploreAPI] Incoming request: GET /mkt/sensex
[2025-08-30 13:00:16,928] [INFO] [ExploreAPI] Incoming request: GET /mkt/banknifty
[2025-08-30 13:00:16,941] [INFO] [ExploreAPI] Incoming request: GET /mkt/midcap
[2025-08-30 13:00:27,861] [INFO] [ExploreAPI] Incoming request: GET /mkt/movers
[2025-08-30 13:00:27,869] [INFO] [ExploreAPI] Incoming request: GET /mkt/movers
[2025-08-31 00:21:51,546] [INFO] [ExploreAPI] Incoming request: GET /mkt/banknifty
[2025-08-31 00:21:52,335] [INFO] [ExploreAPI] Incoming request: GET /mkt/movers
[2025-08-31 00:21:57,567] [INFO] [ExploreAPI] Incoming request: GET /mkt/nifty50
[2025-08-31 00:21:57,713] [INFO] [ExploreAPI] Incoming request: GET /mkt/sensex
[2025-08-31 00:21:57,715] [INFO] [ExploreAPI] Incoming request: GET /mkt/midcap
[2025-08-31 00:21:58,023] [INFO] [ExploreAPI] Incoming request: GET /mkt/banknifty
[2025-08-31 00:21:58,026] [INFO] [ExploreAPI] Incoming request: GET /mkt/movers
[2025-08-31 00:21:58,027] [INFO] [ExploreAPI] Incoming request: GET /mkt/nifty50
[2025-08-31 00:21:58,031] [INFO] [ExploreAPI] Incoming request: GET /mkt/sensex
[2025-08-31 00:21:58,033] [INFO] [ExploreAPI] Incoming request: GET /mkt/midcap
[2025-08-31 00:23:31,884] [INFO] [ExploreAPI] Incoming request: GET /mkt/movers
[2025-08-31 00:23:31,888] [INFO] [ExploreAPI] Incoming request: GET /mkt/midcap
[2025-08-31 00:23:31,889] [INFO] [ExploreAPI] Incoming request: GET /mkt/nifty50
[2025-08-31 00:23:31,889] [INFO] [ExploreAPI] Incoming request: GET /mkt/banknifty
[2025-08-31 00:23:31,889] [INFO] [ExploreAPI] Incoming request: GET /mkt/sensex
[2025-08-31 00:23:32,490] [INFO] [ExploreAPI] Incoming request: GET /mkt/movers
[2025-08-31 00:23:32,493] [INFO] [ExploreAPI] Incoming request: GET /mkt/midcap
[2025-08-31 00:23:32,516] [INFO] [ExploreAPI] Incoming request: GET /mkt/nifty50
[2025-08-31 00:23:32,518] [INFO] [ExploreAPI] Incoming request: GET /mkt/banknifty
[2025-08-31 00:23:32,521] [INFO] [ExploreAPI] Incoming request: GET /mkt/sensex
[2025-08-31 00:24:06,780] [INFO] [ExploreAPI] Incoming request: GET /api/financials/BRITANNIA
[2025-08-31 00:24:07,083] [INFO] [ExploreAPI] Incoming request: GET /api/history/BRITANNIA
[2025-08-31 00:24:07,086] [INFO] [ExploreAPI] Incoming request: GET /api/fundamentals/BRITANNIA
[2025-08-31 00:24:07,086] [INFO] [ExploreAPI] Fetching 5y history for BRITANNIA
[2025-08-31 00:24:07,087] [INFO] [ExploreAPI] Fetching fundamentals for BRITANNIA
[2025-08-31 00:24:13,384] [INFO] [ExploreAPI] Incoming request: GET /api/fundamentals/BRITANNIA
[2025-08-31 00:24:13,385] [INFO] [ExploreAPI] Fetching fundamentals for BRITANNIA
[2025-08-31 00:24:15,052] [INFO] [ExploreAPI] Incoming request: GET /api/history/BRITANNIA
[2025-08-31 00:24:15,053] [INFO] [ExploreAPI] Fetching 5y history for BRITANNIA
[2025-08-31 00:24:15,053] [INFO] [ExploreAPI] Incoming request: GET /api/financials/BRITANNIA
[2025-08-31 11:24:26,021] [INFO] [ExploreAPI] Incoming request: GET /mkt/movers
[2025-08-31 11:24:42,105] [INFO] [ExploreAPI] Incoming request: GET /mkt/sensex
[2025-08-31 11:24:42,493] [INFO] [ExploreAPI] Incoming request: GET /mkt/midcap
[2025-08-31 11:24:42,494] [INFO] [ExploreAPI] Incoming request: GET /mkt/nifty50
[2025-08-31 11:24:42,835] [INFO] [ExploreAPI] Incoming request: GET /mkt/banknifty
[2025-08-31 11:24:43,066] [INFO] [ExploreAPI] Incoming request: GET /mkt/movers
[2025-08-31 11:24:43,072] [INFO] [ExploreAPI] Incoming request: GET /mkt/sensex
[2025-08-31 11:24:43,077] [INFO] [ExploreAPI] Incoming request: GET /mkt/midcap
[2025-08-31 11:24:43,080] [INFO] [ExploreAPI] Incoming request: GET /mkt/nifty50
[2025-08-31 11:24:43,084] [INFO] [ExploreAPI] Incoming request: GET /mkt/banknifty
[2025-08-31 11:25:26,019] [INFO] [ExploreAPI] Incoming request: GET /mkt/movers
[2025-08-31 11:25:26,025] [INFO] [ExploreAPI] Incoming request: GET /mkt/nifty50
[2025-08-31 11:25:26,029] [INFO] [ExploreAPI] Incoming request: GET /mkt/banknifty
[2025-08-31 11:25:26,030] [INFO] [ExploreAPI] Incoming request: GET /mkt/sensex
[2025-08-31 11:25:26,035] [INFO] [ExploreAPI] Incoming request: GET /mkt/midcap
[2025-08-31 11:26:25,718] [INFO] [ExploreAPI] Incoming request: GET /mkt/movers
[2025-08-31 11:26:25,726] [INFO] [ExploreAPI] Incoming request: GET /mkt/nifty50
[2025-08-31 11:26:25,865] [INFO] [ExploreAPI] Incoming request: GET /mkt/sensex
[2025-08-31 11:26:26,080] [INFO] [ExploreAPI] Incoming request: GET /mkt/banknifty
[2025-08-31 11:26:26,081] [INFO] [ExploreAPI] Incoming request: GET /mkt/midcap
[2025-08-31 11:27:25,723] [INFO] [ExploreAPI] Incoming request: GET /mkt/movers
[2025-08-31 11:27:25,731] [INFO] [ExploreAPI] Incoming request: GET /mkt/nifty50
[2025-08-31 11:27:25,971] [INFO] [ExploreAPI] Incoming request: GET /mkt/sensex
[2025-08-31 11:27:26,115] [INFO] [ExploreAPI] Incoming request: GET /mkt/banknifty
[2025-08-31 11:27:26,329] [INFO] [ExploreAPI] Incoming request: GET /mkt/midcap
[2025-08-31 11:28:25,720] [INFO] [ExploreAPI] Incoming request: GET /mkt/movers
[2025-08-31 11:28:25,723] [INFO] [ExploreAPI] Incoming request: GET /mkt/nifty50
[2025-08-31 11:28:25,733] [INFO] [ExploreAPI] Incoming request: GET /mkt/sensex
[2025-08-31 11:28:25,739] [INFO] [ExploreAPI] Incoming request: GET /mkt/banknifty
[2025-08-31 11:28:25,744] [INFO] [ExploreAPI] Incoming request: GET /mkt/midcap
[2025-08-31 11:29:25,709] [INFO] [ExploreAPI] Incoming request: GET /mkt/movers
[2025-08-31 11:29:25,713] [INFO] [ExploreAPI] Incoming request: GET /mkt/nifty50
[2025-08-31 11:29:25,977] [INFO] [ExploreAPI] Incoming request: GET /mkt/sensex
[2025-08-31 11:29:26,102] [INFO] [ExploreAPI] Incoming request: GET /mkt/midcap
[2025-08-31 11:29:26,106] [INFO] [ExploreAPI] Incoming request: GET /mkt/banknifty
[2025-08-31 11:30:26,023] [INFO] [ExploreAPI] Incoming request: GET /mkt/movers
[2025-08-31 11:30:26,033] [INFO] [ExploreAPI] Incoming request: GET /mkt/nifty50
[2025-08-31 11:30:26,247] [INFO] [ExploreAPI] Incoming request: GET /mkt/sensex
[2025-08-31 11:30:26,249] [INFO] [ExploreAPI] Incoming request: GET /mkt/midcap
[2025-08-31 11:30:26,249] [INFO] [ExploreAPI] Incoming request: GET /mkt/banknifty
[2025-08-31 11:32:24,024] [INFO] [ExploreAPI] Incoming request: GET /mkt/movers
[2025-08-31 11:32:24,028] [INFO] [ExploreAPI] Incoming request: GET /mkt/nifty50
[2025-08-31 11:32:24,311] [INFO] [ExploreAPI] Incoming request: GET /mkt/midcap
[2025-08-31 11:32:24,312] [INFO] [ExploreAPI] Incoming request: GET /mkt/sensex
[2025-08-31 11:32:24,314] [INFO] [ExploreAPI] Incoming request: GET /mkt/banknifty
[2025-08-31 11:33:26,040] [INFO] [ExploreAPI] Incoming request: GET /mkt/movers
[2025-08-31 11:33:26,044] [INFO] [ExploreAPI] Incoming request: GET /mkt/nifty50
[2025-08-31 11:33:26,187] [INFO] [ExploreAPI] Incoming request: GET /mkt/banknifty
[2025-08-31 11:33:26,188] [INFO] [ExploreAPI] Incoming request: GET /mkt/sensex
[2025-08-31 11:33:26,189] [INFO] [ExploreAPI] Incoming request: GET /mkt/midcap
[2025-08-31 11:35:24,035] [INFO] [ExploreAPI] Incoming request: GET /mkt/movers
[2025-08-31 11:35:24,042] [INFO] [ExploreAPI] Incoming request: GET /mkt/banknifty
[2025-08-31 11:35:24,515] [INFO] [ExploreAPI] Incoming request: GET /mkt/sensex
[2025-08-31 11:35:24,516] [INFO] [ExploreAPI] Incoming request: GET /mkt/midcap
[2025-08-31 11:35:24,517] [INFO] [ExploreAPI] Incoming request: GET /mkt/nifty50
[2025-08-31 11:37:16,513] [INFO] [ExploreAPI] Incoming request: GET /mkt/movers
[2025-08-31 11:37:16,519] [INFO] [ExploreAPI] Incoming request: GET /mkt/nifty50
[2025-08-31 11:37:16,675] [INFO] [ExploreAPI] Incoming request: GET /mkt/midcap
[2025-08-31 11:37:16,676] [INFO] [ExploreAPI] Incoming request: GET /mkt/sensex
[2025-08-31 11:37:16,677] [INFO] [ExploreAPI] Incoming request: GET /mkt/banknifty
[2025-08-31 11:37:25,719] [INFO] [ExploreAPI] Incoming request: GET /mkt/movers
[2025-08-31 11:37:25,728] [INFO] [ExploreAPI] Incoming request: GET /mkt/nifty50
[2025-08-31 11:37:25,734] [INFO] [ExploreAPI] Incoming request: GET /mkt/sensex
[2025-08-31 11:37:25,740] [INFO] [ExploreAPI] Incoming request: GET /mkt/banknifty
[2025-08-31 11:37:25,745] [INFO] [ExploreAPI] Incoming request: GET /mkt/midcap
[2025-08-31 11:39:24,027] [INFO] [ExploreAPI] Incoming request: GET /mkt/movers
[2025-08-31 11:39:24,031] [INFO] [ExploreAPI] Incoming request: GET /mkt/sensex
[2025-08-31 11:39:24,031] [INFO] [ExploreAPI] Incoming request: GET /mkt/nifty50
[2025-08-31 11:39:24,032] [INFO] [ExploreAPI] Incoming request: GET /mkt/banknifty
[2025-08-31 11:39:24,908] [INFO] [ExploreAPI] Incoming request: GET /mkt/midcap
[2025-08-31 11:41:24,018] [INFO] [ExploreAPI] Incoming request: GET /mkt/movers
[2025-08-31 11:41:24,021] [INFO] [ExploreAPI] Incoming request: GET /mkt/nifty50
[2025-08-31 11:41:24,348] [INFO] [ExploreAPI] Incoming request: GET /mkt/sensex
[2025-08-31 11:41:24,350] [INFO] [ExploreAPI] Incoming request: GET /mkt/midcap
[2025-08-31 11:41:24,351] [INFO] [ExploreAPI] Incoming request: GET /mkt/banknifty
[2025-08-31 11:43:24,030] [INFO] [ExploreAPI] Incoming request: GET /mkt/movers
[2025-08-31 11:43:24,035] [INFO] [ExploreAPI] Incoming request: GET /mkt/sensex
[2025-08-31 11:43:24,038] [INFO] [ExploreAPI] Incoming request: GET /mkt/nifty50
[2025-08-31 11:43:24,040] [INFO] [ExploreAPI] Incoming request: GET /mkt/banknifty
[2025-08-31 11:43:24,833] [INFO] [ExploreAPI] Incoming request: GET /mkt/midcap
[2025-08-31 11:45:24,029] [INFO] [ExploreAPI] Incoming request: GET /mkt/movers
[2025-08-31 11:45:24,034] [INFO] [ExploreAPI] Incoming request: GET /mkt/nifty50
[2025-08-31 11:45:24,035] [INFO] [ExploreAPI] Incoming request: GET /mkt/midcap
[2025-08-31 11:45:24,036] [INFO] [ExploreAPI] Incoming request: GET /mkt/sensex
[2025-08-31 11:45:24,037] [INFO] [ExploreAPI] Incoming request: GET /mkt/banknifty
[2025-08-31 11:47:24,040] [INFO] [ExploreAPI] Incoming request: GET /mkt/movers
[2025-08-31 11:47:24,044] [INFO] [ExploreAPI] Incoming request: GET /mkt/nifty50
[2025-08-31 11:47:24,486] [INFO] [ExploreAPI] Incoming request: GET /mkt/banknifty
[2025-08-31 11:47:24,486] [INFO] [ExploreAPI] Incoming request: GET /mkt/sensex
[2025-08-31 11:47:24,758] [INFO] [ExploreAPI] Incoming request: GET /mkt/midcap
[2025-08-31 11:49:24,038] [INFO] [ExploreAPI] Incoming request: GET /mkt/movers
[2025-08-31 11:49:24,040] [INFO] [ExploreAPI] Incoming request: GET /mkt/sensex
[2025-08-31 11:49:24,041] [INFO] [ExploreAPI] Incoming request: GET /mkt/nifty50
[2025-08-31 11:49:24,627] [INFO] [ExploreAPI] Incoming request: GET /mkt/midcap
[2025-08-31 11:49:24,628] [INFO] [ExploreAPI] Incoming request: GET /mkt/banknifty
[2025-08-31 11:51:24,043] [INFO] [ExploreAPI] Incoming request: GET /mkt/movers
[2025-08-31 11:51:24,046] [INFO] [ExploreAPI] Incoming request: GET /mkt/banknifty
[2025-08-31 11:51:24,047] [INFO] [ExploreAPI] Incoming request: GET /mkt/sensex
[2025-08-31 11:51:24,048] [INFO] [ExploreAPI] Incoming request: GET /mkt/midcap
[2025-08-31 11:51:24,048] [INFO] [ExploreAPI] Incoming request: GET /mkt/nifty50
[2025-08-31 11:53:24,033] [INFO] [ExploreAPI] Incoming request: GET /mkt/movers
[2025-08-31 11:53:24,037] [INFO] [ExploreAPI] Incoming request: GET /mkt/nifty50
[2025-08-31 11:53:24,510] [INFO] [ExploreAPI] Incoming request: GET /mkt/banknifty
[2025-08-31 11:53:24,511] [INFO] [ExploreAPI] Incoming request: GET /mkt/sensex
[2025-08-31 11:53:24,979] [INFO] [ExploreAPI] Incoming request: GET /mkt/midcap
[2025-08-31 11:55:24,031] [INFO] [ExploreAPI] Incoming request: GET /mkt/movers
[2025-08-31 11:55:34,094] [INFO] [ExploreAPI] Incoming request: GET /mkt/nifty50
[2025-08-31 11:55:34,404] [INFO] [ExploreAPI] Incoming request: GET /mkt/midcap
[2025-08-31 11:55:34,405] [INFO] [ExploreAPI] Incoming request: GET /mkt/sensex
[2025-08-31 11:55:34,405] [INFO] [ExploreAPI] Incoming request: GET /mkt/banknifty
[2025-08-31 11:57:24,032] [INFO] [ExploreAPI] Incoming request: GET /mkt/movers
[2025-08-31 11:57:24,035] [INFO] [ExploreAPI] Incoming request: GET /mkt/nifty50
[2025-08-31 11:57:24,276] [INFO] [ExploreAPI] Incoming request: GET /mkt/sensex
[2025-08-31 11:57:24,278] [INFO] [ExploreAPI] Incoming request: GET /mkt/midcap
[2025-08-31 11:57:24,279] [INFO] [ExploreAPI] Incoming request: GET /mkt/banknifty
[2025-08-31 11:57:51,627] [INFO] [ExploreAPI] Incoming request: GET /mkt/movers
[2025-08-31 11:57:51,632] [INFO] [ExploreAPI] Incoming request: GET /mkt/movers
[2025-08-31 11:59:59,656] [INFO] [ExploreAPI] Incoming request: GET /mkt/movers
[2025-08-31 11:59:59,663] [INFO] [ExploreAPI] Incoming request: GET /mkt/movers
[2025-08-31 12:00:22,690] [INFO] [ExploreAPI] Incoming request: GET /mkt/movers
[2025-08-31 12:00:22,693] [INFO] [ExploreAPI] Incoming request: GET /mkt/movers
[2025-08-31 12:04:27,995] [INFO] [ExploreAPI] Incoming request: GET /api/financials/GRANULES
[2025-08-31 12:04:28,289] [INFO] [ExploreAPI] Incoming request: GET /api/history/GRANULES
[2025-08-31 12:04:28,291] [INFO] [ExploreAPI] Incoming request: GET /api/fundamentals/GRANULES
[2025-08-31 12:04:28,292] [INFO] [ExploreAPI] Fetching fundamentals for GRANULES
[2025-08-31 12:04:28,293] [INFO] [ExploreAPI] Fetching 5y history for GRANULES
[2025-08-31 12:04:37,191] [INFO] [ExploreAPI] Incoming request: GET /mkt/movers
[2025-08-31 12:04:37,212] [INFO] [ExploreAPI] Incoming request: GET /api/fundamentals/GRANULES
[2025-08-31 12:04:37,214] [INFO] [ExploreAPI] Fetching fundamentals for GRANULES
[2025-08-31 12:04:38,495] [INFO] [ExploreAPI] Incoming request: GET /mkt/movers
[2025-08-31 12:04:38,497] [INFO] [ExploreAPI] Incoming request: GET /api/history/GRANULES
[2025-08-31 12:04:38,505] [INFO] [ExploreAPI] Fetching 5y history for GRANULES
[2025-08-31 12:04:38,507] [INFO] [ExploreAPI] Incoming request: GET /mkt/banknifty
[2025-08-31 12:04:38,675] [INFO] [ExploreAPI] Incoming request: GET /mkt/nifty50
[2025-08-31 12:04:38,676] [INFO] [ExploreAPI] Incoming request: GET /mkt/sensex
[2025-08-31 12:04:38,676] [INFO] [ExploreAPI] Incoming request: GET /api/financials/GRANULES
[2025-08-31 12:04:38,677] [INFO] [ExploreAPI] Incoming request: GET /mkt/midcap
[2025-08-31 12:04:39,156] [INFO] [ExploreAPI] Incoming request: GET /api/fundamentals/GRANULES
[2025-08-31 12:04:39,158] [INFO] [ExploreAPI] Fetching fundamentals for GRANULES
[2025-08-31 12:04:40,476] [INFO] [ExploreAPI] Incoming request: GET /mkt/movers
[2025-08-31 12:04:40,479] [INFO] [ExploreAPI] Incoming request: GET /mkt/midcap
[2025-08-31 12:04:40,481] [INFO] [ExploreAPI] Incoming request: GET /mkt/banknifty
[2025-08-31 12:04:40,481] [INFO] [ExploreAPI] Incoming request: GET /mkt/sensex
[2025-08-31 12:04:40,481] [INFO] [ExploreAPI] Incoming request: GET /mkt/nifty50
[2025-08-31 12:04:40,485] [INFO] [ExploreAPI] Incoming request: GET /api/fundamentals/GRANULES
[2025-08-31 12:04:40,487] [INFO] [ExploreAPI] Fetching fundamentals for GRANULES
[2025-08-31 12:04:41,682] [INFO] [ExploreAPI] Incoming request: GET /api/history/GRANULES
[2025-08-31 12:04:41,685] [INFO] [ExploreAPI] Incoming request: GET /api/financials/GRANULES
[2025-08-31 12:04:41,686] [INFO] [ExploreAPI] Fetching 5y history for GRANULES
[2025-08-31 12:04:41,686] [INFO] [ExploreAPI] Incoming request: GET /api/financials/GRANULES
[2025-08-31 12:04:41,714] [INFO] [ExploreAPI] Incoming request: GET /api/financials/GRANULES
[2025-08-31 12:04:41,764] [INFO] [ExploreAPI] Incoming request: GET /api/history/GRANULES
[2025-08-31 12:04:41,775] [INFO] [ExploreAPI] Incoming request: GET /api/fundamentals/GRANULES
[2025-08-31 12:04:41,796] [INFO] [ExploreAPI] Fetching fundamentals for GRANULES
[2025-08-31 12:04:42,845] [INFO] [ExploreAPI] Fetching 5y history for GRANULES
[2025-08-31 12:04:42,867] [INFO] [ExploreAPI] Incoming request: GET /api/fundamentals/GRANULES
[2025-08-31 12:04:42,867] [INFO] [ExploreAPI] Fetching fundamentals for GRANULES
[2025-08-31 12:04:44,042] [INFO] [ExploreAPI] Incoming request: GET /api/history/GRANULES
[2025-08-31 12:04:44,043] [INFO] [ExploreAPI] Fetching 5y history for GRANULES
[2025-08-31 12:04:47,380] [INFO] [ExploreAPI] Incoming request: GET /mkt/movers
[2025-08-31 12:04:47,391] [INFO] [ExploreAPI] Incoming request: GET /mkt/movers
[2025-08-31 12:04:53,752] [INFO] [ExploreAPI] Incoming request: GET /api/history/ITC
[2025-08-31 12:04:53,755] [INFO] [ExploreAPI] Incoming request: GET /api/fundamentals/ITC
[2025-08-31 12:04:53,756] [INFO] [ExploreAPI] Fetching fundamentals for ITC
[2025-08-31 12:04:57,112] [INFO] [ExploreAPI] Fetching 5y history for ITC
[2025-08-31 12:04:57,115] [INFO] [ExploreAPI] Incoming request: GET /api/fundamentals/ITC
[2025-08-31 12:04:57,116] [INFO] [ExploreAPI] Incoming request: GET /api/financials/ITC
[2025-08-31 12:04:57,116] [INFO] [ExploreAPI] Fetching fundamentals for ITC
[2025-08-31 12:04:58,337] [INFO] [ExploreAPI] Incoming request: GET /api/history/ITC
[2025-08-31 12:04:58,339] [INFO] [ExploreAPI] Fetching 5y history for ITC
[2025-08-31 12:04:59,632] [INFO] [ExploreAPI] Incoming request: GET /api/financials/ITC
[2025-08-31 12:39:41,378] [INFO] [ExploreAPI] Incoming request: GET /api/financials/ITC
[2025-08-31 12:39:41,646] [INFO] [ExploreAPI] Incoming request: GET /api/financials/ITC
[2025-08-31 12:39:41,676] [INFO] [ExploreAPI] Incoming request: GET /api/history/ITC
[2025-08-31 12:39:41,678] [INFO] [ExploreAPI] Incoming request: GET /api/fundamentals/ITC
[2025-08-31 12:39:41,679] [INFO] [ExploreAPI] Fetching fundamentals for ITC
[2025-08-31 12:39:43,887] [INFO] [ExploreAPI] Fetching 5y history for ITC
[2025-08-31 12:39:43,896] [INFO] [ExploreAPI] Incoming request: GET /api/fundamentals/ITC
[2025-08-31 12:39:43,897] [INFO] [ExploreAPI] Fetching fundamentals for ITC
[2025-08-31 12:39:44,865] [INFO] [ExploreAPI] Incoming request: GET /api/history/ITC
[2025-08-31 12:39:44,867] [INFO] [ExploreAPI] Fetching 5y history for ITC
[2025-08-31 12:39:55,631] [INFO] [ExploreAPI] Incoming request: GET /mkt/movers
[2025-08-31 12:40:05,363] [INFO] [ExploreAPI] Incoming request: GET /mkt/movers
[2025-08-31 12:40:57,645] [INFO] [ExploreAPI] Incoming request: GET /api/financials/SWANENERGY
[2025-08-31 12:40:57,949] [INFO] [ExploreAPI] Incoming request: GET /api/history/SWANENERGY
[2025-08-31 12:40:57,952] [INFO] [ExploreAPI] Incoming request: GET /api/fundamentals/SWANENERGY
[2025-08-31 12:40:57,956] [INFO] [ExploreAPI] Fetching fundamentals for SWANENERGY
[2025-08-31 12:41:06,858] [INFO] [ExploreAPI] Fetching 5y history for SWANENERGY
[2025-08-31 12:41:06,864] [INFO] [ExploreAPI] Incoming request: GET /mkt/movers
[2025-08-31 12:41:06,872] [INFO] [ExploreAPI] Incoming request: GET /api/fundamentals/SWANENERGY
[2025-08-31 12:41:06,874] [INFO] [ExploreAPI] Fetching fundamentals for SWANENERGY
[2025-08-31 12:41:07,879] [INFO] [ExploreAPI] Incoming request: GET /mkt/movers
[2025-08-31 12:41:07,884] [INFO] [ExploreAPI] Incoming request: GET /api/financials/SWANENERGY
[2025-08-31 12:41:07,885] [INFO] [ExploreAPI] Incoming request: GET /api/history/SWANENERGY
[2025-08-31 12:41:07,889] [INFO] [ExploreAPI] Fetching 5y history for SWANENERGY
[2025-08-31 12:41:12,030] [INFO] [ExploreAPI] Incoming request: GET /mkt/movers
[2025-08-31 12:41:12,047] [INFO] [ExploreAPI] Incoming request: GET /mkt/movers
[2025-08-31 12:41:12,050] [INFO] [ExploreAPI] Incoming request: GET /mkt/nifty50
[2025-08-31 12:41:12,240] [INFO] [ExploreAPI] Incoming request: GET /mkt/sensex
[2025-08-31 12:41:12,469] [INFO] [ExploreAPI] Incoming request: GET /mkt/banknifty
[2025-08-31 12:41:12,470] [INFO] [ExploreAPI] Incoming request: GET /mkt/midcap
[2025-08-31 12:41:12,829] [INFO] [ExploreAPI] Incoming request: GET /mkt/nifty50
[2025-08-31 12:41:12,838] [INFO] [ExploreAPI] Incoming request: GET /mkt/sensex
[2025-08-31 12:41:12,841] [INFO] [ExploreAPI] Incoming request: GET /mkt/midcap
[2025-08-31 12:41:12,843] [INFO] [ExploreAPI] Incoming request: GET /mkt/banknifty
[2025-08-31 12:42:13,030] [INFO] [ExploreAPI] Incoming request: GET /mkt/movers
[2025-08-31 12:42:13,032] [INFO] [ExploreAPI] Incoming request: GET /mkt/sensex
[2025-08-31 12:42:13,032] [INFO] [ExploreAPI] Incoming request: GET /mkt/nifty50
[2025-08-31 12:42:13,254] [INFO] [ExploreAPI] Incoming request: GET /mkt/midcap
[2025-08-31 12:42:13,255] [INFO] [ExploreAPI] Incoming request: GET /mkt/banknifty
[2025-08-31 12:43:12,717] [INFO] [ExploreAPI] Incoming request: GET /mkt/movers
[2025-08-31 12:43:12,723] [INFO] [ExploreAPI] Incoming request: GET /mkt/nifty50
[2025-08-31 12:43:12,729] [INFO] [ExploreAPI] Incoming request: GET /mkt/sensex
[2025-08-31 12:43:12,734] [INFO] [ExploreAPI] Incoming request: GET /mkt/banknifty
[2025-08-31 12:43:12,738] [INFO] [ExploreAPI] Incoming request: GET /mkt/midcap
[2025-08-31 12:44:12,721] [INFO] [ExploreAPI] Incoming request: GET /mkt/movers
[2025-08-31 12:44:12,724] [INFO] [ExploreAPI] Incoming request: GET /mkt/sensex
[2025-08-31 12:44:12,725] [INFO] [ExploreAPI] Incoming request: GET /mkt/nifty50
[2025-08-31 12:44:13,199] [INFO] [ExploreAPI] Incoming request: GET /mkt/banknifty
[2025-08-31 12:44:13,406] [INFO] [ExploreAPI] Incoming request: GET /mkt/midcap
[2025-08-31 12:44:37,170] [INFO] [ExploreAPI] Incoming request: GET /mkt/movers
[2025-08-31 12:44:37,177] [INFO] [ExploreAPI] Incoming request: GET /mkt/movers
[2025-08-31 12:45:54,774] [INFO] [ExploreAPI] Incoming request: GET /mkt/movers
[2025-08-31 12:45:54,779] [INFO] [ExploreAPI] Incoming request: GET /mkt/sensex
[2025-08-31 12:45:54,781] [INFO] [ExploreAPI] Incoming request: GET /mkt/nifty50
[2025-08-31 12:45:55,151] [INFO] [ExploreAPI] Incoming request: GET /mkt/banknifty
[2025-08-31 12:45:55,565] [INFO] [ExploreAPI] Incoming request: GET /mkt/midcap
[2025-08-31 12:45:55,696] [INFO] [ExploreAPI] Incoming request: GET /mkt/sensex
[2025-08-31 12:45:55,699] [INFO] [ExploreAPI] Incoming request: GET /mkt/nifty50
[2025-08-31 12:45:55,700] [INFO] [ExploreAPI] Incoming request: GET /mkt/banknifty
[2025-08-31 12:45:55,701] [INFO] [ExploreAPI] Incoming request: GET /mkt/movers
[2025-08-31 12:45:55,712] [INFO] [ExploreAPI] Incoming request: GET /mkt/midcap
[2025-08-31 12:46:55,019] [INFO] [ExploreAPI] Incoming request: GET /mkt/movers
[2025-08-31 12:46:55,022] [INFO] [ExploreAPI] Incoming request: GET /mkt/nifty50
[2025-08-31 12:46:55,239] [INFO] [ExploreAPI] Incoming request: GET /mkt/sensex
[2025-08-31 12:46:55,240] [INFO] [ExploreAPI] Incoming request: GET /mkt/midcap
[2025-08-31 12:46:55,241] [INFO] [ExploreAPI] Incoming request: GET /mkt/banknifty
[2025-08-31 12:47:54,716] [INFO] [ExploreAPI] Incoming request: GET /mkt/movers
[2025-08-31 12:47:54,724] [INFO] [ExploreAPI] Incoming request: GET /mkt/nifty50
[2025-08-31 12:47:54,733] [INFO] [ExploreAPI] Incoming request: GET /mkt/sensex
[2025-08-31 12:47:54,740] [INFO] [ExploreAPI] Incoming request: GET /mkt/banknifty
[2025-08-31 12:47:54,747] [INFO] [ExploreAPI] Incoming request: GET /mkt/midcap
[2025-08-31 12:48:54,720] [INFO] [ExploreAPI] Incoming request: GET /mkt/movers
[2025-08-31 12:48:54,726] [INFO] [ExploreAPI] Incoming request: GET /mkt/sensex
[2025-08-31 12:48:54,726] [INFO] [ExploreAPI] Incoming request: GET /mkt/nifty50
[2025-08-31 12:48:54,727] [INFO] [ExploreAPI] Incoming request: GET /mkt/banknifty
[2025-08-31 12:48:55,626] [INFO] [ExploreAPI] Incoming request: GET /mkt/midcap
[2025-08-31 12:49:55,027] [INFO] [ExploreAPI] Incoming request: GET /mkt/movers
[2025-08-31 12:49:55,031] [INFO] [ExploreAPI] Incoming request: GET /mkt/sensex
[2025-08-31 12:49:55,033] [INFO] [ExploreAPI] Incoming request: GET /mkt/banknifty
[2025-08-31 12:49:55,042] [INFO] [ExploreAPI] Incoming request: GET /mkt/midcap
[2025-08-31 12:49:55,042] [INFO] [ExploreAPI] Incoming request: GET /mkt/nifty50
[2025-08-31 12:50:54,716] [INFO] [ExploreAPI] Incoming request: GET /mkt/nifty50
[2025-08-31 12:50:54,721] [INFO] [ExploreAPI] Incoming request: GET /mkt/sensex
[2025-08-31 12:50:54,729] [INFO] [ExploreAPI] Incoming request: GET /mkt/banknifty
[2025-08-31 12:50:55,072] [INFO] [ExploreAPI] Incoming request: GET /mkt/movers
[2025-08-31 12:50:55,073] [INFO] [ExploreAPI] Incoming request: GET /mkt/midcap
[2025-08-31 12:51:54,733] [INFO] [ExploreAPI] Incoming request: GET /mkt/movers
[2025-08-31 12:51:54,736] [INFO] [ExploreAPI] Incoming request: GET /mkt/nifty50
[2025-08-31 12:51:55,001] [INFO] [ExploreAPI] Incoming request: GET /mkt/banknifty
[2025-08-31 12:51:55,341] [INFO] [ExploreAPI] Incoming request: GET /mkt/midcap
[2025-08-31 12:51:55,342] [INFO] [ExploreAPI] Incoming request: GET /mkt/sensex
[2025-08-31 12:53:24,026] [INFO] [ExploreAPI] Incoming request: GET /mkt/movers
[2025-08-31 12:53:24,030] [INFO] [ExploreAPI] Incoming request: GET /mkt/nifty50
[2025-08-31 12:53:24,259] [INFO] [ExploreAPI] Incoming request: GET /mkt/banknifty
[2025-08-31 12:53:24,261] [INFO] [ExploreAPI] Incoming request: GET /mkt/sensex
[2025-08-31 12:53:24,262] [INFO] [ExploreAPI] Incoming request: GET /mkt/midcap
[2025-08-31 12:54:23,725] [INFO] [ExploreAPI] Incoming request: GET /mkt/movers
[2025-08-31 12:54:23,735] [INFO] [ExploreAPI] Incoming request: GET /mkt/nifty50
[2025-08-31 12:54:23,742] [INFO] [ExploreAPI] Incoming request: GET /mkt/sensex
[2025-08-31 12:54:23,750] [INFO] [ExploreAPI] Incoming request: GET /mkt/banknifty
[2025-08-31 12:54:23,759] [INFO] [ExploreAPI] Incoming request: GET /mkt/midcap
[2025-08-31 12:55:23,714] [INFO] [ExploreAPI] Incoming request: GET /mkt/movers
[2025-08-31 12:55:23,717] [INFO] [ExploreAPI] Incoming request: GET /mkt/sensex
[2025-08-31 12:55:23,717] [INFO] [ExploreAPI] Incoming request: GET /mkt/nifty50
[2025-08-31 12:55:24,584] [INFO] [ExploreAPI] Incoming request: GET /mkt/banknifty
[2025-08-31 12:55:24,907] [INFO] [ExploreAPI] Incoming request: GET /mkt/midcap
[2025-08-31 12:56:24,021] [INFO] [ExploreAPI] Incoming request: GET /mkt/movers
[2025-08-31 12:56:24,028] [INFO] [ExploreAPI] Incoming request: GET /mkt/nifty50
[2025-08-31 12:56:24,033] [INFO] [ExploreAPI] Incoming request: GET /mkt/sensex
[2025-08-31 12:56:24,233] [INFO] [ExploreAPI] Incoming request: GET /mkt/midcap
[2025-08-31 12:56:24,234] [INFO] [ExploreAPI] Incoming request: GET /mkt/banknifty
[2025-08-31 12:57:23,718] [INFO] [ExploreAPI] Incoming request: GET /mkt/movers
[2025-08-31 12:57:23,724] [INFO] [ExploreAPI] Incoming request: GET /mkt/nifty50
[2025-08-31 12:57:24,098] [INFO] [ExploreAPI] Incoming request: GET /mkt/banknifty
[2025-08-31 12:57:24,099] [INFO] [ExploreAPI] Incoming request: GET /mkt/sensex
[2025-08-31 12:57:24,099] [INFO] [ExploreAPI] Incoming request: GET /mkt/midcap
[2025-08-31 12:58:24,045] [INFO] [ExploreAPI] Incoming request: GET /mkt/movers
[2025-08-31 12:58:24,050] [INFO] [ExploreAPI] Incoming request: GET /mkt/nifty50
[2025-08-31 12:58:24,260] [INFO] [ExploreAPI] Incoming request: GET /mkt/sensex
[2025-08-31 12:58:24,261] [INFO] [ExploreAPI] Incoming request: GET /mkt/midcap
[2025-08-31 12:58:24,261] [INFO] [ExploreAPI] Incoming request: GET /mkt/banknifty
[2025-08-31 13:01:31,739] [INFO] [ExploreAPI] Incoming request: GET /mkt/nifty50
[2025-08-31 13:01:32,358] [INFO] [ExploreAPI] Incoming request: GET /mkt/movers
[2025-08-31 13:01:32,358] [INFO] [ExploreAPI] Incoming request: GET /mkt/midcap
[2025-08-31 13:01:32,359] [INFO] [ExploreAPI] Incoming request: GET /mkt/sensex
[2025-08-31 13:01:32,359] [INFO] [ExploreAPI] Incoming request: GET /mkt/banknifty
[2025-08-31 13:02:23,731] [INFO] [ExploreAPI] Incoming request: GET /mkt/movers
[2025-08-31 13:02:23,743] [INFO] [ExploreAPI] Incoming request: GET /mkt/nifty50
[2025-08-31 13:02:23,747] [INFO] [ExploreAPI] Incoming request: GET /mkt/sensex
[2025-08-31 13:02:23,753] [INFO] [ExploreAPI] Incoming request: GET /mkt/banknifty
[2025-08-31 13:02:23,759] [INFO] [ExploreAPI] Incoming request: GET /mkt/midcap
[2025-08-31 13:03:23,720] [INFO] [ExploreAPI] Incoming request: GET /mkt/movers
[2025-08-31 13:03:23,724] [INFO] [ExploreAPI] Incoming request: GET /mkt/nifty50
[2025-08-31 13:03:24,024] [INFO] [ExploreAPI] Incoming request: GET /mkt/sensex
[2025-08-31 13:03:24,025] [INFO] [ExploreAPI] Incoming request: GET /mkt/banknifty
[2025-08-31 13:03:24,026] [INFO] [ExploreAPI] Incoming request: GET /mkt/midcap
[2025-08-31 13:04:24,033] [INFO] [ExploreAPI] Incoming request: GET /mkt/movers
[2025-08-31 13:04:24,037] [INFO] [ExploreAPI] Incoming request: GET /mkt/nifty50
[2025-08-31 13:04:24,440] [INFO] [ExploreAPI] Incoming request: GET /mkt/midcap
[2025-08-31 13:04:24,442] [INFO] [ExploreAPI] Incoming request: GET /mkt/sensex
[2025-08-31 13:04:24,443] [INFO] [ExploreAPI] Incoming request: GET /mkt/banknifty
[2025-08-31 13:05:59,271] [INFO] [ExploreAPI] Incoming request: GET /mkt/movers
[2025-08-31 13:05:59,276] [INFO] [ExploreAPI] Incoming request: GET /mkt/banknifty
[2025-08-31 13:05:59,277] [INFO] [ExploreAPI] Incoming request: GET /mkt/sensex
[2025-08-31 13:05:59,282] [INFO] [ExploreAPI] Incoming request: GET /mkt/midcap
[2025-08-31 13:05:59,283] [INFO] [ExploreAPI] Incoming request: GET /mkt/nifty50
[2025-08-31 13:27:25,952] [INFO] [ExploreAPI] Incoming request: GET /mkt/movers
[2025-08-31 13:27:25,953] [INFO] [ExploreAPI] Incoming request: GET /mkt/nifty50
[2025-08-31 13:27:27,998] [INFO] [ExploreAPI] Incoming request: GET /mkt/sensex
[2025-08-31 13:27:27,999] [INFO] [ExploreAPI] Incoming request: GET /mkt/banknifty
[2025-08-31 13:27:27,999] [INFO] [ExploreAPI] Incoming request: GET /mkt/midcap
[2025-08-31 13:28:24,023] [INFO] [ExploreAPI] Incoming request: GET /mkt/movers
[2025-08-31 13:28:24,026] [INFO] [ExploreAPI] Incoming request: GET /mkt/banknifty
[2025-08-31 13:28:24,027] [INFO] [ExploreAPI] Incoming request: GET /mkt/sensex
[2025-08-31 13:28:24,028] [INFO] [ExploreAPI] Incoming request: GET /mkt/nifty50
[2025-08-31 13:28:24,033] [INFO] [ExploreAPI] Incoming request: GET /mkt/midcap
[2025-08-31 13:29:23,744] [INFO] [ExploreAPI] Incoming request: GET /mkt/movers
[2025-08-31 13:29:23,752] [INFO] [ExploreAPI] Incoming request: GET /mkt/nifty50
[2025-08-31 13:29:24,499] [INFO] [ExploreAPI] Incoming request: GET /mkt/sensex
[2025-08-31 13:29:24,500] [INFO] [ExploreAPI] Incoming request: GET /mkt/banknifty
[2025-08-31 13:29:24,501] [INFO] [ExploreAPI] Incoming request: GET /mkt/midcap
[2025-08-31 13:30:24,039] [INFO] [ExploreAPI] Incoming request: GET /mkt/movers
[2025-08-31 13:30:24,046] [INFO] [ExploreAPI] Incoming request: GET /mkt/nifty50
[2025-08-31 13:30:24,256] [INFO] [ExploreAPI] Incoming request: GET /mkt/sensex
[2025-08-31 13:30:24,261] [INFO] [ExploreAPI] Incoming request: GET /mkt/banknifty
[2025-08-31 13:30:24,262] [INFO] [ExploreAPI] Incoming request: GET /mkt/midcap
[2025-08-31 13:31:23,727] [INFO] [ExploreAPI] Incoming request: GET /mkt/movers
[2025-08-31 13:31:23,746] [INFO] [ExploreAPI] Incoming request: GET /mkt/nifty50
[2025-08-31 13:31:23,755] [INFO] [ExploreAPI] Incoming request: GET /mkt/sensex
[2025-08-31 13:31:23,958] [INFO] [ExploreAPI] Incoming request: GET /mkt/banknifty
[2025-08-31 13:31:24,230] [INFO] [ExploreAPI] Incoming request: GET /mkt/midcap
[2025-08-31 13:33:06,405] [INFO] [ExploreAPI] Incoming request: GET /mkt/movers
[2025-08-31 13:33:06,436] [INFO] [ExploreAPI] Incoming request: GET /mkt/nifty50
[2025-08-31 13:33:06,833] [INFO] [ExploreAPI] Incoming request: GET /mkt/banknifty
[2025-08-31 13:33:06,834] [INFO] [ExploreAPI] Incoming request: GET /mkt/sensex
[2025-08-31 13:33:06,835] [INFO] [ExploreAPI] Incoming request: GET /mkt/midcap
[2025-08-31 13:34:24,036] [INFO] [ExploreAPI] Incoming request: GET /mkt/movers
[2025-08-31 13:34:24,042] [INFO] [ExploreAPI] Incoming request: GET /mkt/sensex
[2025-08-31 13:34:24,047] [INFO] [ExploreAPI] Incoming request: GET /mkt/nifty50
[2025-08-31 13:34:24,354] [INFO] [ExploreAPI] Incoming request: GET /mkt/midcap
[2025-08-31 13:34:24,744] [INFO] [ExploreAPI] Incoming request: GET /mkt/banknifty
[2025-08-31 13:35:23,719] [INFO] [ExploreAPI] Incoming request: GET /mkt/movers
[2025-08-31 13:35:23,723] [INFO] [ExploreAPI] Incoming request: GET /mkt/nifty50
[2025-08-31 13:35:23,733] [INFO] [ExploreAPI] Incoming request: GET /mkt/sensex
[2025-08-31 13:35:23,735] [INFO] [ExploreAPI] Incoming request: GET /mkt/banknifty
[2025-08-31 13:35:23,745] [INFO] [ExploreAPI] Incoming request: GET /mkt/midcap
[2025-08-31 13:36:23,739] [INFO] [ExploreAPI] Incoming request: GET /mkt/movers
[2025-08-31 13:36:23,745] [INFO] [ExploreAPI] Incoming request: GET /mkt/nifty50
[2025-08-31 13:36:24,151] [INFO] [ExploreAPI] Incoming request: GET /mkt/midcap
[2025-08-31 13:36:24,152] [INFO] [ExploreAPI] Incoming request: GET /mkt/banknifty
[2025-08-31 13:36:24,152] [INFO] [ExploreAPI] Incoming request: GET /mkt/sensex
[2025-08-31 13:37:45,875] [INFO] [ExploreAPI] Incoming request: GET /mkt/movers
[2025-08-31 13:37:45,879] [INFO] [ExploreAPI] Incoming request: GET /mkt/sensex
[2025-08-31 13:37:45,890] [INFO] [ExploreAPI] Incoming request: GET /mkt/nifty50
[2025-08-31 13:37:45,890] [INFO] [ExploreAPI] Incoming request: GET /mkt/midcap
[2025-08-31 13:37:45,891] [INFO] [ExploreAPI] Incoming request: GET /mkt/banknifty
[2025-08-31 14:01:59,415] [INFO] [ExploreAPI] Incoming request: GET /mkt/movers
[2025-08-31 14:02:01,439] [INFO] [ExploreAPI] Incoming request: GET /mkt/banknifty
[2025-08-31 14:02:01,440] [INFO] [ExploreAPI] Incoming request: GET /mkt/midcap
[2025-08-31 14:02:01,441] [INFO] [ExploreAPI] Incoming request: GET /mkt/nifty50
[2025-08-31 14:02:01,441] [INFO] [ExploreAPI] Incoming request: GET /mkt/sensex
[2025-08-31 14:03:20,815] [INFO] [ExploreAPI] Incoming request: GET /mkt/movers
[2025-08-31 14:03:20,817] [INFO] [ExploreAPI] Incoming request: GET /mkt/sensex
[2025-08-31 14:03:20,818] [INFO] [ExploreAPI] Incoming request: GET /mkt/nifty50
[2025-08-31 14:03:21,308] [INFO] [ExploreAPI] Incoming request: GET /mkt/midcap
[2025-08-31 14:03:21,309] [INFO] [ExploreAPI] Incoming request: GET /mkt/banknifty
[2025-08-31 14:03:21,582] [INFO] [ExploreAPI] Incoming request: GET /mkt/nifty50
[2025-08-31 14:03:21,583] [INFO] [ExploreAPI] Incoming request: GET /mkt/sensex
[2025-08-31 14:03:21,585] [INFO] [ExploreAPI] Incoming request: GET /mkt/midcap
[2025-08-31 14:03:21,586] [INFO] [ExploreAPI] Incoming request: GET /mkt/movers
[2025-08-31 14:03:21,593] [INFO] [ExploreAPI] Incoming request: GET /mkt/banknifty
[2025-08-31 14:03:36,195] [INFO] [ExploreAPI] Incoming request: GET /mkt/movers
[2025-08-31 14:03:36,198] [INFO] [ExploreAPI] Incoming request: GET /mkt/sensex
[2025-08-31 14:03:36,199] [INFO] [ExploreAPI] Incoming request: GET /mkt/banknifty
[2025-08-31 14:03:36,200] [INFO] [ExploreAPI] Incoming request: GET /mkt/nifty50
[2025-08-31 14:03:36,204] [INFO] [ExploreAPI] Incoming request: GET /mkt/midcap
[2025-08-31 14:03:36,776] [INFO] [ExploreAPI] Incoming request: GET /mkt/movers
[2025-08-31 14:03:36,782] [INFO] [ExploreAPI] Incoming request: GET /mkt/sensex
[2025-08-31 14:03:36,783] [INFO] [ExploreAPI] Incoming request: GET /mkt/nifty50
[2025-08-31 14:03:36,788] [INFO] [ExploreAPI] Incoming request: GET /mkt/banknifty
[2025-08-31 14:03:36,810] [INFO] [ExploreAPI] Incoming request: GET /mkt/midcap
[2025-08-31 14:04:05,549] [INFO] [ExploreAPI] Incoming request: GET /mkt/movers
[2025-08-31 14:04:05,551] [INFO] [ExploreAPI] Incoming request: GET /mkt/sensex
[2025-08-31 14:04:05,551] [INFO] [ExploreAPI] Incoming request: GET /mkt/nifty50
[2025-08-31 14:04:05,552] [INFO] [ExploreAPI] Incoming request: GET /mkt/banknifty
[2025-08-31 14:04:05,553] [INFO] [ExploreAPI] Incoming request: GET /mkt/midcap
[2025-08-31 14:04:05,557] [INFO] [ExploreAPI] Incoming request: GET /mkt/movers
[2025-08-31 14:04:05,558] [INFO] [ExploreAPI] Incoming request: GET /mkt/sensex
[2025-08-31 14:04:05,560] [INFO] [ExploreAPI] Incoming request: GET /mkt/nifty50
[2025-08-31 14:04:05,562] [INFO] [ExploreAPI] Incoming request: GET /mkt/banknifty
[2025-08-31 14:04:05,562] [INFO] [ExploreAPI] Incoming request: GET /mkt/midcap
[2025-08-31 14:04:37,248] [INFO] [ExploreAPI] Incoming request: GET /mkt/movers
[2025-08-31 14:04:37,254] [INFO] [ExploreAPI] Incoming request: GET /mkt/movers
[2025-08-31 14:05:10,026] [INFO] [ExploreAPI] Incoming request: GET /mkt/movers
[2025-08-31 14:05:10,029] [INFO] [ExploreAPI] Incoming request: GET /mkt/banknifty
[2025-08-31 14:05:10,030] [INFO] [ExploreAPI] Incoming request: GET /mkt/sensex
[2025-08-31 14:05:10,030] [INFO] [ExploreAPI] Incoming request: GET /mkt/nifty50
[2025-08-31 14:05:10,030] [INFO] [ExploreAPI] Incoming request: GET /mkt/midcap
[2025-08-31 14:05:11,145] [INFO] [ExploreAPI] Incoming request: GET /mkt/banknifty
[2025-08-31 14:05:11,149] [INFO] [ExploreAPI] Incoming request: GET /mkt/movers
[2025-08-31 14:05:11,151] [INFO] [ExploreAPI] Incoming request: GET /mkt/nifty50
[2025-08-31 14:05:11,154] [INFO] [ExploreAPI] Incoming request: GET /mkt/sensex
[2025-08-31 14:05:11,155] [INFO] [ExploreAPI] Incoming request: GET /mkt/midcap
[2025-08-31 14:06:11,026] [INFO] [ExploreAPI] Incoming request: GET /mkt/movers
[2025-08-31 14:06:11,028] [INFO] [ExploreAPI] Incoming request: GET /mkt/nifty50
[2025-08-31 14:06:11,626] [INFO] [ExploreAPI] Incoming request: GET /mkt/sensex
[2025-08-31 14:06:11,627] [INFO] [ExploreAPI] Incoming request: GET /mkt/banknifty
[2025-08-31 14:06:11,904] [INFO] [ExploreAPI] Incoming request: GET /mkt/midcap
[2025-08-31 14:06:35,614] [INFO] [ExploreAPI] Incoming request: GET /mkt/movers
[2025-08-31 14:06:35,928] [INFO] [ExploreAPI] Incoming request: GET /mkt/nifty50
[2025-08-31 14:06:35,930] [INFO] [ExploreAPI] Incoming request: GET /mkt/sensex
[2025-08-31 14:06:35,933] [INFO] [ExploreAPI] Incoming request: GET /mkt/midcap
[2025-08-31 14:06:35,933] [INFO] [ExploreAPI] Incoming request: GET /mkt/banknifty
[2025-08-31 14:06:36,197] [INFO] [ExploreAPI] Incoming request: GET /mkt/movers
[2025-08-31 14:06:36,518] [INFO] [ExploreAPI] Incoming request: GET /mkt/nifty50
[2025-08-31 14:06:36,529] [INFO] [ExploreAPI] Incoming request: GET /mkt/sensex
[2025-08-31 14:06:36,535] [INFO] [ExploreAPI] Incoming request: GET /mkt/banknifty
[2025-08-31 14:06:36,574] [INFO] [ExploreAPI] Incoming request: GET /mkt/midcap
[2025-08-31 14:09:36,051] [INFO] [ExploreAPI] Incoming request: GET /mkt/movers
[2025-08-31 14:09:48,710] [INFO] [ExploreAPI] Incoming request: GET /mkt/nifty50
[2025-08-31 14:09:48,710] [INFO] [ExploreAPI] Incoming request: GET /mkt/sensex
[2025-08-31 14:09:48,711] [INFO] [ExploreAPI] Incoming request: GET /mkt/banknifty
[2025-08-31 14:09:48,711] [INFO] [ExploreAPI] Incoming request: GET /mkt/midcap
[2025-08-31 14:09:49,338] [INFO] [ExploreAPI] Incoming request: GET /mkt/midcap
[2025-08-31 14:09:49,339] [INFO] [ExploreAPI] Incoming request: GET /mkt/sensex
[2025-08-31 14:09:49,340] [INFO] [ExploreAPI] Incoming request: GET /mkt/banknifty
[2025-08-31 14:09:49,341] [INFO] [ExploreAPI] Incoming request: GET /mkt/movers
[2025-08-31 14:09:49,342] [INFO] [ExploreAPI] Incoming request: GET /mkt/nifty50
[2025-08-31 14:09:49,359] [INFO] [ExploreAPI] Incoming request: GET /mkt/midcap
[2025-08-31 14:09:49,364] [INFO] [ExploreAPI] Incoming request: GET /mkt/sensex
[2025-08-31 14:09:49,371] [INFO] [ExploreAPI] Incoming request: GET /mkt/movers
[2025-08-31 14:09:49,373] [INFO] [ExploreAPI] Incoming request: GET /mkt/banknifty
[2025-08-31 14:09:49,374] [INFO] [ExploreAPI] Incoming request: GET /mkt/nifty50
[2025-08-31 14:09:52,946] [INFO] [ExploreAPI] Incoming request: GET /mkt/movers
[2025-08-31 14:09:52,951] [INFO] [ExploreAPI] Incoming request: GET /mkt/movers
[2025-08-31 14:10:05,455] [INFO] [ExploreAPI] Incoming request: GET /mkt/movers
[2025-08-31 14:10:05,472] [INFO] [ExploreAPI] Incoming request: GET /mkt/nifty50
[2025-08-31 14:10:05,476] [INFO] [ExploreAPI] Incoming request: GET /mkt/sensex
[2025-08-31 14:10:05,481] [INFO] [ExploreAPI] Incoming request: GET /mkt/banknifty
[2025-08-31 14:10:05,484] [INFO] [ExploreAPI] Incoming request: GET /mkt/midcap
[2025-08-31 14:10:05,487] [INFO] [ExploreAPI] Incoming request: GET /mkt/movers
[2025-08-31 14:10:05,494] [INFO] [ExploreAPI] Incoming request: GET /mkt/nifty50
[2025-08-31 14:10:05,500] [INFO] [ExploreAPI] Incoming request: GET /mkt/sensex
[2025-08-31 14:10:05,504] [INFO] [ExploreAPI] Incoming request: GET /mkt/banknifty
[2025-08-31 14:10:05,508] [INFO] [ExploreAPI] Incoming request: GET /mkt/midcap
[2025-08-31 14:10:13,602] [INFO] [ExploreAPI] Incoming request: GET /api/history/GRANULES
[2025-08-31 14:10:13,608] [INFO] [ExploreAPI] Incoming request: GET /api/fundamentals/GRANULES
[2025-08-31 14:10:13,609] [INFO] [ExploreAPI] Fetching fundamentals for GRANULES
[2025-08-31 14:10:21,532] [INFO] [ExploreAPI] Fetching 5y history for GRANULES
[2025-08-31 14:10:21,536] [INFO] [ExploreAPI] Incoming request: GET /api/financials/GRANULES
[2025-08-31 14:10:21,542] [INFO] [ExploreAPI] Incoming request: GET /api/fundamentals/GRANULES
[2025-08-31 14:10:21,546] [INFO] [ExploreAPI] Fetching fundamentals for GRANULES
[2025-08-31 14:10:23,509] [INFO] [ExploreAPI] Incoming request: GET /api/history/GRANULES
[2025-08-31 14:10:23,511] [INFO] [ExploreAPI] Fetching 5y history for GRANULES
[2025-08-31 14:10:23,719] [INFO] [ExploreAPI] Incoming request: GET /api/financials/GRANULES
[2025-08-31 14:18:18,853] [INFO] [ExploreAPI] Incoming request: GET /api/financials/GRANULES
[2025-08-31 14:18:19,274] [INFO] [ExploreAPI] Incoming request: GET /api/history/GRANULES
[2025-08-31 14:18:19,274] [INFO] [ExploreAPI] Incoming request: GET /api/fundamentals/GRANULES
[2025-08-31 14:18:19,276] [INFO] [ExploreAPI] Fetching fundamentals for GRANULES
[2025-08-31 14:18:21,290] [INFO] [ExploreAPI] Fetching 5y history for GRANULES
[2025-08-31 14:18:21,294] [INFO] [ExploreAPI] Incoming request: GET /api/fundamentals/GRANULES
[2025-08-31 14:18:21,295] [INFO] [ExploreAPI] Fetching fundamentals for GRANULES
[2025-08-31 14:18:22,413] [INFO] [ExploreAPI] Incoming request: GET /api/financials/GRANULES
[2025-08-31 14:18:22,415] [INFO] [ExploreAPI] Incoming request: GET /api/history/GRANULES
[2025-08-31 14:18:22,416] [INFO] [ExploreAPI] Fetching 5y history for GRANULES
[2025-08-31 14:26:26,755] [INFO] [ExploreAPI] Incoming request: GET /mkt/movers
[2025-08-31 14:26:26,761] [INFO] [ExploreAPI] Incoming request: GET /mkt/nifty50
[2025-08-31 14:26:27,054] [INFO] [ExploreAPI] Incoming request: GET /mkt/sensex
[2025-08-31 14:26:27,298] [INFO] [ExploreAPI] Incoming request: GET /mkt/banknifty
[2025-08-31 14:26:27,299] [INFO] [ExploreAPI] Incoming request: GET /mkt/midcap
[2025-08-31 14:26:27,300] [INFO] [ExploreAPI] Incoming request: GET /mkt/movers
[2025-08-31 14:26:27,972] [INFO] [ExploreAPI] Incoming request: GET /mkt/nifty50
[2025-08-31 14:26:27,978] [INFO] [ExploreAPI] Incoming request: GET /mkt/sensex
[2025-08-31 14:26:27,986] [INFO] [ExploreAPI] Incoming request: GET /mkt/banknifty
[2025-08-31 14:26:27,995] [INFO] [ExploreAPI] Incoming request: GET /mkt/midcap
[2025-08-31 14:26:35,377] [INFO] [ExploreAPI] Incoming request: GET /api/financials/BEL
[2025-08-31 14:26:35,680] [INFO] [ExploreAPI] Incoming request: GET /api/history/BEL
[2025-08-31 14:26:35,698] [INFO] [ExploreAPI] Incoming request: GET /api/fundamentals/BEL
[2025-08-31 14:26:35,714] [INFO] [ExploreAPI] Fetching fundamentals for BEL
[2025-08-31 14:26:35,714] [INFO] [ExploreAPI] Fetching 5y history for BEL
[2025-08-31 14:26:45,043] [INFO] [ExploreAPI] Incoming request: GET /api/fundamentals/BEL
[2025-08-31 14:26:45,052] [INFO] [ExploreAPI] Fetching fundamentals for BEL
[2025-08-31 14:26:45,935] [INFO] [ExploreAPI] Incoming request: GET /api/history/BEL
[2025-08-31 14:26:45,938] [INFO] [ExploreAPI] Fetching 5y history for BEL
[2025-08-31 14:26:45,939] [INFO] [ExploreAPI] Incoming request: GET /api/financials/BEL
[2025-08-31 15:07:10,434] [INFO] [ExploreAPI] Incoming request: GET /mkt/movers
[2025-08-31 15:07:22,568] [INFO] [ExploreAPI] Incoming request: GET /mkt/sensex
[2025-08-31 15:07:22,970] [INFO] [ExploreAPI] Incoming request: GET /mkt/banknifty
[2025-08-31 15:07:22,972] [INFO] [ExploreAPI] Incoming request: GET /mkt/midcap
[2025-08-31 15:07:23,466] [INFO] [ExploreAPI] Incoming request: GET /mkt/nifty50
[2025-08-31 15:07:23,875] [INFO] [ExploreAPI] Incoming request: GET /mkt/movers
[2025-08-31 15:07:23,882] [INFO] [ExploreAPI] Incoming request: GET /mkt/sensex
[2025-08-31 15:07:23,886] [INFO] [ExploreAPI] Incoming request: GET /mkt/banknifty
[2025-08-31 15:07:23,892] [INFO] [ExploreAPI] Incoming request: GET /mkt/midcap
[2025-08-31 15:07:23,895] [INFO] [ExploreAPI] Incoming request: GET /mkt/nifty50
[2025-08-31 15:07:32,207] [INFO] [ExploreAPI] Incoming request: GET /api/financials/BEL
[2025-08-31 15:07:32,484] [INFO] [ExploreAPI] Incoming request: GET /api/history/BEL
[2025-08-31 15:07:32,486] [INFO] [ExploreAPI] Incoming request: GET /api/fundamentals/BEL
[2025-08-31 15:07:32,488] [INFO] [ExploreAPI] Fetching fundamentals for BEL
[2025-08-31 15:07:32,488] [INFO] [ExploreAPI] Fetching 5y history for BEL
[2025-08-31 15:07:34,329] [INFO] [ExploreAPI] Incoming request: GET /api/fundamentals/BEL
[2025-08-31 15:07:34,332] [INFO] [ExploreAPI] Fetching fundamentals for BEL
[2025-08-31 15:07:35,591] [INFO] [ExploreAPI] Incoming request: GET /api/history/BEL
[2025-08-31 15:07:35,596] [INFO] [ExploreAPI] Incoming request: GET /api/financials/BEL
[2025-08-31 15:07:35,596] [INFO] [ExploreAPI] Fetching 5y history for BEL
[2025-08-31 15:19:42,274] [INFO] [ExploreAPI] Incoming request: GET /api/financials/BEL
[2025-08-31 15:19:42,396] [INFO] [ExploreAPI] Incoming request: GET /api/financials/BEL
[2025-08-31 15:19:42,581] [INFO] [ExploreAPI] Incoming request: GET /api/history/BEL
[2025-08-31 15:19:42,583] [INFO] [ExploreAPI] Incoming request: GET /api/fundamentals/BEL
[2025-08-31 15:19:42,584] [INFO] [ExploreAPI] Fetching fundamentals for BEL
[2025-08-31 15:19:42,584] [INFO] [ExploreAPI] Fetching 5y history for BEL
[2025-08-31 15:19:53,575] [INFO] [ExploreAPI] Incoming request: GET /api/fundamentals/BEL
[2025-08-31 15:19:53,576] [INFO] [ExploreAPI] Fetching fundamentals for BEL
[2025-08-31 15:19:55,367] [INFO] [ExploreAPI] Incoming request: GET /api/history/BEL
[2025-08-31 15:19:55,368] [INFO] [ExploreAPI] Fetching 5y history for BEL
[2025-08-31 15:24:25,733] [INFO] [ExploreAPI] Incoming request: GET /api/financials/BEL
[2025-08-31 15:24:26,041] [INFO] [ExploreAPI] Incoming request: GET /api/history/BEL
[2025-08-31 15:24:26,043] [INFO] [ExploreAPI] Incoming request: GET /api/fundamentals/BEL
[2025-08-31 15:24:26,044] [INFO] [ExploreAPI] Incoming request: GET /api/balance-sheet/BEL
[2025-08-31 15:24:26,045] [INFO] [ExploreAPI] Fetching fundamentals for BEL
[2025-08-31 15:24:26,046] [INFO] [ExploreAPI] Fetching 5y history for BEL
[2025-08-31 15:36:55,059] [INFO] [ExploreAPI] Incoming request: GET /api/financials/BEL
[2025-08-31 15:36:55,061] [INFO] [ExploreAPI] Incoming request: GET /api/history/BEL
[2025-08-31 15:36:55,062] [INFO] [ExploreAPI] Incoming request: GET /api/balance-sheet/BEL
[2025-08-31 15:36:55,062] [INFO] [ExploreAPI] Incoming request: GET /api/fundamentals/BEL
[2025-08-31 15:36:55,064] [INFO] [ExploreAPI] Fetching balance sheet for BEL.NS
[2025-08-31 15:36:55,841] [INFO] [ExploreAPI] Fetching fundamentals for BEL
[2025-08-31 15:36:57,037] [INFO] [ExploreAPI] Fetching 5y history for BEL
[2025-08-31 15:40:35,330] [INFO] [ExploreAPI] Incoming request: GET /mkt/movers
[2025-08-31 15:40:47,564] [INFO] [ExploreAPI] Incoming request: GET /mkt/nifty50
[2025-08-31 15:40:47,838] [INFO] [ExploreAPI] Incoming request: GET /mkt/sensex
[2025-08-31 15:40:47,999] [INFO] [ExploreAPI] Incoming request: GET /mkt/banknifty
[2025-08-31 15:40:48,159] [INFO] [ExploreAPI] Incoming request: GET /mkt/midcap
[2025-08-31 15:40:48,403] [INFO] [ExploreAPI] Incoming request: GET /mkt/nifty50
[2025-08-31 15:40:48,405] [INFO] [ExploreAPI] Incoming request: GET /mkt/movers
[2025-08-31 15:40:48,411] [INFO] [ExploreAPI] Incoming request: GET /mkt/sensex
[2025-08-31 15:40:48,420] [INFO] [ExploreAPI] Incoming request: GET /mkt/banknifty
[2025-08-31 15:40:48,425] [INFO] [ExploreAPI] Incoming request: GET /mkt/midcap
[2025-08-31 15:40:55,928] [INFO] [ExploreAPI] Incoming request: GET /api/history/BOSCHLTD
[2025-08-31 15:40:55,930] [INFO] [ExploreAPI] Incoming request: GET /api/fundamentals/BOSCHLTD
[2025-08-31 15:40:55,931] [INFO] [ExploreAPI] Fetching fundamentals for BOSCHLTD
[2025-08-31 15:41:02,502] [INFO] [ExploreAPI] Incoming request: GET /api/financials/BOSCHLTD
[2025-08-31 15:41:02,504] [INFO] [ExploreAPI] Incoming request: GET /api/balance-sheet/BOSCHLTD
[2025-08-31 15:41:02,506] [INFO] [ExploreAPI] Fetching 5y history for BOSCHLTD
[2025-08-31 15:41:02,508] [INFO] [ExploreAPI] Fetching balance sheet for BOSCHLTD.NS
[2025-08-31 15:41:02,846] [INFO] [ExploreAPI] Incoming request: GET /api/fundamentals/BOSCHLTD
[2025-08-31 15:41:02,851] [INFO] [ExploreAPI] Fetching fundamentals for BOSCHLTD
[2025-08-31 15:41:04,126] [INFO] [ExploreAPI] Incoming request: GET /api/balance-sheet/BOSCHLTD
[2025-08-31 15:41:04,128] [INFO] [ExploreAPI] Fetching balance sheet for BOSCHLTD.NS
[2025-08-31 15:41:04,222] [INFO] [ExploreAPI] Incoming request: GET /api/history/BOSCHLTD
[2025-08-31 15:41:04,227] [INFO] [ExploreAPI] Incoming request: GET /api/financials/BOSCHLTD
[2025-08-31 15:41:04,228] [INFO] [ExploreAPI] Fetching 5y history for BOSCHLTD
[2025-08-31 15:41:54,862] [INFO] [ExploreAPI] Incoming request: GET /mkt/movers
[2025-08-31 15:41:54,871] [INFO] [ExploreAPI] Incoming request: GET /mkt/nifty50
[2025-08-31 15:41:55,249] [INFO] [ExploreAPI] Incoming request: GET /mkt/banknifty
[2025-08-31 15:41:55,250] [INFO] [ExploreAPI] Incoming request: GET /mkt/sensex
[2025-08-31 15:41:55,251] [INFO] [ExploreAPI] Incoming request: GET /mkt/midcap
[2025-08-31 15:41:57,505] [INFO] [ExploreAPI] Incoming request: GET /mkt/movers
[2025-08-31 15:41:57,516] [INFO] [ExploreAPI] Incoming request: GET /mkt/nifty50
[2025-08-31 15:41:57,519] [INFO] [ExploreAPI] Incoming request: GET /mkt/banknifty
[2025-08-31 15:41:57,522] [INFO] [ExploreAPI] Incoming request: GET /mkt/sensex
[2025-08-31 15:41:57,524] [INFO] [ExploreAPI] Incoming request: GET /mkt/midcap
[2025-08-31 15:42:29,349] [INFO] [ExploreAPI] Incoming request: GET /api/history/BSE
[2025-08-31 15:42:29,351] [INFO] [ExploreAPI] Incoming request: GET /api/financials/BSE
[2025-08-31 15:42:29,352] [INFO] [ExploreAPI] Incoming request: GET /api/fundamentals/BSE
[2025-08-31 15:42:29,354] [INFO] [ExploreAPI] Fetching fundamentals for BSE
[2025-08-31 15:42:29,354] [INFO] [ExploreAPI] Fetching 5y history for BSE
[2025-08-31 15:42:42,861] [INFO] [ExploreAPI] Incoming request: GET /api/balance-sheet/BSE
[2025-08-31 15:42:42,872] [INFO] [ExploreAPI] Fetching balance sheet for BSE.NS
[2025-08-31 15:42:43,208] [INFO] [ExploreAPI] Incoming request: GET /api/fundamentals/BSE
[2025-08-31 15:42:43,217] [INFO] [ExploreAPI] Fetching fundamentals for BSE
[2025-08-31 15:42:44,638] [INFO] [ExploreAPI] Incoming request: GET /api/balance-sheet/BSE
[2025-08-31 15:42:44,639] [INFO] [ExploreAPI] Fetching balance sheet for BSE.NS
[2025-08-31 15:42:44,736] [INFO] [ExploreAPI] Incoming request: GET /api/history/BSE
[2025-08-31 15:42:44,740] [INFO] [ExploreAPI] Fetching 5y history for BSE
[2025-08-31 15:42:44,741] [INFO] [ExploreAPI] Incoming request: GET /api/financials/BSE
[2025-08-31 15:46:26,276] [INFO] [ExploreAPI] Incoming request: GET /api/history/BSE
[2025-08-31 15:46:26,278] [INFO] [ExploreAPI] Fetching 5y history for BSE
[2025-08-31 15:46:26,283] [INFO] [ExploreAPI] Incoming request: GET /api/fundamentals/BSE
[2025-08-31 15:46:26,284] [INFO] [ExploreAPI] Fetching fundamentals for BSE
[2025-08-31 15:46:27,431] [INFO] [ExploreAPI] Incoming request: GET /api/financials/BSE
[2025-08-31 15:46:27,433] [INFO] [ExploreAPI] Incoming request: GET /api/balance-sheet/BSE
[2025-08-31 15:46:27,463] [INFO] [ExploreAPI] Fetching balance sheet for BSE.NS
[2025-08-31 15:46:27,776] [INFO] [ExploreAPI] Incoming request: GET /api/fundamentals/BSE
[2025-08-31 15:46:27,778] [INFO] [ExploreAPI] Fetching fundamentals for BSE
[2025-08-31 15:46:32,735] [INFO] [ExploreAPI] Incoming request: GET /api/history/BSE
[2025-08-31 15:46:32,740] [INFO] [ExploreAPI] Incoming request: GET /api/balance-sheet/BSE
[2025-08-31 15:46:32,742] [INFO] [ExploreAPI] Fetching balance sheet for BSE.NS
[2025-08-31 15:46:32,808] [INFO] [ExploreAPI] Fetching 5y history for BSE
[2025-08-31 15:46:32,811] [INFO] [ExploreAPI] Incoming request: GET /api/financials/BSE
[2025-08-31 20:51:52,538] [INFO] [ExploreAPI] Incoming request: GET /api/history/BSE
[2025-08-31 20:51:52,540] [INFO] [ExploreAPI] Incoming request: GET /api/financials/BSE
[2025-08-31 20:51:52,541] [INFO] [ExploreAPI] Incoming request: GET /api/balance-sheet/BSE
[2025-08-31 20:51:52,542] [INFO] [ExploreAPI] Incoming request: GET /api/fundamentals/BSE
[2025-08-31 20:51:52,544] [INFO] [ExploreAPI] Fetching 5y history for BSE
[2025-08-31 20:51:52,545] [INFO] [ExploreAPI] Fetching balance sheet for BSE.NS
[2025-08-31 20:51:52,670] [INFO] [ExploreAPI] Fetching fundamentals for BSE
[2025-08-31 20:51:52,947] [ERROR] [ExploreAPI] Error fetching fundamentals for BSE: 404: No fundamentals found
[2025-08-31 20:51:52,960] [INFO] [ExploreAPI] Incoming request: GET /api/balance-sheet/BSE
[2025-08-31 20:51:52,966] [INFO] [ExploreAPI] Incoming request: GET /api/fundamentals/BSE
[2025-08-31 20:51:52,988] [INFO] [ExploreAPI] Fetching balance sheet for BSE.NS
[2025-08-31 20:51:53,250] [INFO] [ExploreAPI] Fetching fundamentals for BSE
[2025-08-31 20:51:53,428] [ERROR] [ExploreAPI] Error fetching fundamentals for BSE: 404: No fundamentals found
[2025-08-31 20:51:53,429] [INFO] [ExploreAPI] Incoming request: GET /api/history/BSE
[2025-08-31 20:51:53,435] [INFO] [ExploreAPI] Fetching 5y history for BSE
[2025-08-31 20:51:53,437] [INFO] [ExploreAPI] Incoming request: GET /api/financials/BSE
[2025-09-01 10:25:22,242] [INFO] [ExploreAPI] Incoming request: GET /mkt/movers
[2025-09-01 10:25:35,229] [INFO] [ExploreAPI] Incoming request: GET /mkt/sensex
[2025-09-01 10:25:35,603] [INFO] [ExploreAPI] Incoming request: GET /mkt/banknifty
[2025-09-01 10:25:35,748] [INFO] [ExploreAPI] Incoming request: GET /mkt/midcap
[2025-09-01 10:25:35,749] [INFO] [ExploreAPI] Incoming request: GET /mkt/nifty50
[2025-09-01 10:25:36,298] [INFO] [ExploreAPI] Incoming request: GET /mkt/movers
[2025-09-01 10:25:36,304] [INFO] [ExploreAPI] Incoming request: GET /mkt/banknifty
[2025-09-01 10:25:36,304] [INFO] [ExploreAPI] Incoming request: GET /mkt/sensex
[2025-09-01 10:25:36,309] [INFO] [ExploreAPI] Incoming request: GET /mkt/midcap
[2025-09-01 10:25:36,313] [INFO] [ExploreAPI] Incoming request: GET /mkt/nifty50
[2025-09-01 10:26:23,034] [INFO] [ExploreAPI] Incoming request: GET /mkt/movers
[2025-09-01 10:26:23,038] [INFO] [ExploreAPI] Incoming request: GET /mkt/banknifty
[2025-09-01 10:26:23,039] [INFO] [ExploreAPI] Incoming request: GET /mkt/nifty50
[2025-09-01 10:26:23,040] [INFO] [ExploreAPI] Incoming request: GET /mkt/sensex
[2025-09-01 10:26:23,045] [INFO] [ExploreAPI] Incoming request: GET /mkt/midcap
[2025-09-01 10:27:22,720] [INFO] [ExploreAPI] Incoming request: GET /mkt/movers
[2025-09-01 10:27:22,729] [INFO] [ExploreAPI] Incoming request: GET /mkt/nifty50
[2025-09-01 10:27:22,875] [INFO] [ExploreAPI] Incoming request: GET /mkt/sensex
[2025-09-01 10:27:23,121] [INFO] [ExploreAPI] Incoming request: GET /mkt/midcap
[2025-09-01 10:27:23,122] [INFO] [ExploreAPI] Incoming request: GET /mkt/banknifty
[2025-09-01 10:28:22,717] [INFO] [ExploreAPI] Incoming request: GET /mkt/movers
[2025-09-01 10:28:22,722] [INFO] [ExploreAPI] Incoming request: GET /mkt/nifty50
[2025-09-01 10:28:22,728] [INFO] [ExploreAPI] Incoming request: GET /mkt/sensex
[2025-09-01 10:28:22,732] [INFO] [ExploreAPI] Incoming request: GET /mkt/banknifty
[2025-09-01 10:28:22,736] [INFO] [ExploreAPI] Incoming request: GET /mkt/midcap
[2025-09-01 10:29:22,710] [INFO] [ExploreAPI] Incoming request: GET /mkt/movers
[2025-09-01 10:29:22,715] [INFO] [ExploreAPI] Incoming request: GET /mkt/nifty50
[2025-09-01 10:29:22,717] [INFO] [ExploreAPI] Incoming request: GET /mkt/sensex
[2025-09-01 10:29:23,282] [INFO] [ExploreAPI] Incoming request: GET /mkt/midcap
[2025-09-01 10:29:23,283] [INFO] [ExploreAPI] Incoming request: GET /mkt/banknifty
[2025-09-01 10:30:23,028] [INFO] [ExploreAPI] Incoming request: GET /mkt/movers
[2025-09-01 10:30:23,032] [INFO] [ExploreAPI] Incoming request: GET /mkt/nifty50
[2025-09-01 10:30:23,424] [INFO] [ExploreAPI] Incoming request: GET /mkt/banknifty
[2025-09-01 10:30:23,425] [INFO] [ExploreAPI] Incoming request: GET /mkt/midcap
[2025-09-01 10:30:23,425] [INFO] [ExploreAPI] Incoming request: GET /mkt/sensex
[2025-09-01 10:31:22,705] [INFO] [ExploreAPI] Incoming request: GET /mkt/movers
[2025-09-01 10:31:22,717] [INFO] [ExploreAPI] Incoming request: GET /mkt/nifty50
[2025-09-01 10:31:22,725] [INFO] [ExploreAPI] Incoming request: GET /mkt/sensex
[2025-09-01 10:31:22,733] [INFO] [ExploreAPI] Incoming request: GET /mkt/banknifty
[2025-09-01 10:31:22,891] [INFO] [ExploreAPI] Incoming request: GET /mkt/midcap
[2025-09-01 10:32:57,024] [INFO] [ExploreAPI] Incoming request: GET /mkt/movers
[2025-09-01 10:32:57,028] [INFO] [ExploreAPI] Incoming request: GET /mkt/midcap
[2025-09-01 10:32:57,028] [INFO] [ExploreAPI] Incoming request: GET /mkt/sensex
[2025-09-01 10:32:57,029] [INFO] [ExploreAPI] Incoming request: GET /mkt/nifty50
[2025-09-01 10:32:57,031] [INFO] [ExploreAPI] Incoming request: GET /mkt/banknifty
[2025-09-01 10:33:56,715] [INFO] [ExploreAPI] Incoming request: GET /mkt/movers
[2025-09-01 10:33:56,732] [INFO] [ExploreAPI] Incoming request: GET /mkt/nifty50
[2025-09-01 10:33:56,735] [INFO] [ExploreAPI] Incoming request: GET /mkt/sensex
[2025-09-01 10:33:56,738] [INFO] [ExploreAPI] Incoming request: GET /mkt/banknifty
[2025-09-01 10:33:56,741] [INFO] [ExploreAPI] Incoming request: GET /mkt/midcap
[2025-09-01 10:34:56,712] [INFO] [ExploreAPI] Incoming request: GET /mkt/movers
[2025-09-01 10:34:56,715] [INFO] [ExploreAPI] Incoming request: GET /mkt/sensex
[2025-09-01 10:34:56,716] [INFO] [ExploreAPI] Incoming request: GET /mkt/nifty50
[2025-09-01 10:34:57,254] [INFO] [ExploreAPI] Incoming request: GET /mkt/banknifty
[2025-09-01 10:34:57,256] [INFO] [ExploreAPI] Incoming request: GET /mkt/midcap
[2025-09-01 10:35:57,051] [INFO] [ExploreAPI] Incoming request: GET /mkt/movers
[2025-09-01 10:35:57,060] [INFO] [ExploreAPI] Incoming request: GET /mkt/nifty50
[2025-09-01 10:35:57,061] [INFO] [ExploreAPI] Incoming request: GET /mkt/midcap
[2025-09-01 10:35:57,070] [INFO] [ExploreAPI] Incoming request: GET /mkt/banknifty
[2025-09-01 10:35:57,248] [INFO] [ExploreAPI] Incoming request: GET /mkt/sensex
[2025-09-01 10:36:56,725] [INFO] [ExploreAPI] Incoming request: GET /mkt/movers
[2025-09-01 10:36:56,734] [INFO] [ExploreAPI] Incoming request: GET /mkt/nifty50
[2025-09-01 10:36:56,740] [INFO] [ExploreAPI] Incoming request: GET /mkt/sensex
[2025-09-01 10:36:56,744] [INFO] [ExploreAPI] Incoming request: GET /mkt/banknifty
[2025-09-01 10:36:56,940] [INFO] [ExploreAPI] Incoming request: GET /mkt/midcap
[2025-09-01 10:37:56,717] [INFO] [ExploreAPI] Incoming request: GET /mkt/movers
[2025-09-01 10:37:56,726] [INFO] [ExploreAPI] Incoming request: GET /mkt/nifty50
[2025-09-01 10:37:56,729] [INFO] [ExploreAPI] Incoming request: GET /mkt/sensex
[2025-09-01 10:37:57,080] [INFO] [ExploreAPI] Incoming request: GET /mkt/banknifty
[2025-09-01 10:37:57,261] [INFO] [ExploreAPI] Incoming request: GET /mkt/midcap
[2025-09-01 10:38:57,020] [INFO] [ExploreAPI] Incoming request: GET /mkt/movers
[2025-09-01 10:38:57,022] [INFO] [ExploreAPI] Incoming request: GET /mkt/nifty50
[2025-09-01 10:38:57,264] [INFO] [ExploreAPI] Incoming request: GET /mkt/sensex
[2025-09-01 10:38:57,265] [INFO] [ExploreAPI] Incoming request: GET /mkt/banknifty
[2025-09-01 10:38:57,266] [INFO] [ExploreAPI] Incoming request: GET /mkt/midcap
[2025-09-01 10:39:30,846] [INFO] [ExploreAPI] Incoming request: GET /mkt/movers
[2025-09-01 10:39:30,875] [INFO] [ExploreAPI] Incoming request: GET /mkt/nifty50
[2025-09-01 10:39:30,878] [INFO] [ExploreAPI] Incoming request: GET /mkt/sensex
[2025-09-01 10:39:30,881] [INFO] [ExploreAPI] Incoming request: GET /mkt/banknifty
[2025-09-01 10:39:30,886] [INFO] [ExploreAPI] Incoming request: GET /mkt/midcap
[2025-09-01 10:40:21,869] [INFO] [ExploreAPI] Incoming request: GET /mkt/movers
[2025-09-01 10:40:21,873] [INFO] [ExploreAPI] Incoming request: GET /mkt/nifty50
[2025-09-01 10:40:22,030] [INFO] [ExploreAPI] Incoming request: GET /mkt/sensex
[2025-09-01 10:40:22,032] [INFO] [ExploreAPI] Incoming request: GET /mkt/banknifty
[2025-09-01 10:40:22,509] [INFO] [ExploreAPI] Incoming request: GET /mkt/midcap
[2025-09-01 10:41:22,191] [INFO] [ExploreAPI] Incoming request: GET /mkt/movers
[2025-09-01 10:41:22,196] [INFO] [ExploreAPI] Incoming request: GET /mkt/sensex
[2025-09-01 10:41:22,198] [INFO] [ExploreAPI] Incoming request: GET /mkt/banknifty
[2025-09-01 10:41:22,203] [INFO] [ExploreAPI] Incoming request: GET /mkt/midcap
[2025-09-01 10:41:22,204] [INFO] [ExploreAPI] Incoming request: GET /mkt/nifty50
[2025-09-01 10:42:21,866] [INFO] [ExploreAPI] Incoming request: GET /mkt/movers
[2025-09-01 10:42:21,871] [INFO] [ExploreAPI] Incoming request: GET /mkt/nifty50
[2025-09-01 10:42:21,885] [INFO] [ExploreAPI] Incoming request: GET /mkt/sensex
[2025-09-01 10:42:21,889] [INFO] [ExploreAPI] Incoming request: GET /mkt/banknifty
[2025-09-01 10:42:21,891] [INFO] [ExploreAPI] Incoming request: GET /mkt/midcap
[2025-09-01 10:45:19,436] [INFO] [ExploreAPI] Incoming request: GET /mkt/movers
[2025-09-01 10:45:19,442] [INFO] [ExploreAPI] Incoming request: GET /mkt/midcap
[2025-09-01 10:45:19,443] [INFO] [ExploreAPI] Incoming request: GET /mkt/sensex
[2025-09-01 10:45:19,446] [INFO] [ExploreAPI] Incoming request: GET /mkt/nifty50
[2025-09-01 10:45:19,447] [INFO] [ExploreAPI] Incoming request: GET /mkt/banknifty
[2025-09-01 10:45:20,749] [INFO] [ExploreAPI] Incoming request: GET /mkt/midcap
[2025-09-01 10:45:20,752] [INFO] [ExploreAPI] Incoming request: GET /mkt/movers
[2025-09-01 10:45:20,753] [INFO] [ExploreAPI] Incoming request: GET /mkt/sensex
[2025-09-01 10:45:20,756] [INFO] [ExploreAPI] Incoming request: GET /mkt/nifty50
[2025-09-01 10:45:20,757] [INFO] [ExploreAPI] Incoming request: GET /mkt/banknifty
[2025-09-01 10:45:38,203] [INFO] [ExploreAPI] Incoming request: GET /api/history/CDSL
[2025-09-01 10:45:38,212] [INFO] [ExploreAPI] Incoming request: GET /api/balance-sheet/CDSL
[2025-09-01 10:45:38,212] [INFO] [ExploreAPI] Incoming request: GET /api/fundamentals/CDSL
[2025-09-01 10:45:38,213] [INFO] [ExploreAPI] Incoming request: GET /api/financials/CDSL
[2025-09-01 10:45:38,215] [INFO] [ExploreAPI] Fetching 5y history for CDSL
[2025-09-01 10:45:38,217] [INFO] [ExploreAPI] Fetching balance sheet for CDSL.NS
[2025-09-01 10:45:38,590] [INFO] [ExploreAPI] Fetching fundamentals for CDSL
[2025-09-01 10:45:45,450] [INFO] [ExploreAPI] Incoming request: GET /api/balance-sheet/CDSL
[2025-09-01 10:45:45,452] [INFO] [ExploreAPI] Fetching balance sheet for CDSL.NS
[2025-09-01 10:45:45,555] [INFO] [ExploreAPI] Incoming request: GET /api/fundamentals/CDSL
[2025-09-01 10:45:45,556] [INFO] [ExploreAPI] Incoming request: GET /api/history/CDSL
[2025-09-01 10:45:45,557] [INFO] [ExploreAPI] Fetching fundamentals for CDSL
[2025-09-01 10:45:47,747] [INFO] [ExploreAPI] Fetching 5y history for CDSL
[2025-09-01 10:45:47,753] [INFO] [ExploreAPI] Incoming request: GET /api/financials/CDSL
[2025-09-01 11:36:02,189] [INFO] [ExploreAPI] Incoming request: GET /api/history/CDSL
[2025-09-01 11:36:02,190] [INFO] [ExploreAPI] Incoming request: GET /api/fundamentals/CDSL
[2025-09-01 11:36:02,191] [INFO] [ExploreAPI] Fetching fundamentals for CDSL
[2025-09-01 11:36:05,163] [INFO] [ExploreAPI] Incoming request: GET /api/financials/CDSL
[2025-09-01 11:36:05,164] [INFO] [ExploreAPI] Incoming request: GET /api/balance-sheet/CDSL
[2025-09-01 11:36:05,165] [INFO] [ExploreAPI] Fetching 5y history for CDSL
[2025-09-01 11:36:05,166] [INFO] [ExploreAPI] Fetching balance sheet for CDSL.NS
[2025-09-01 11:36:05,279] [INFO] [ExploreAPI] Incoming request: GET /api/fundamentals/CDSL
[2025-09-01 11:36:05,292] [INFO] [ExploreAPI] Incoming request: GET /api/balance-sheet/CDSL
[2025-09-01 11:36:05,303] [INFO] [ExploreAPI] Fetching fundamentals for CDSL
[2025-09-01 11:36:07,625] [INFO] [ExploreAPI] Fetching balance sheet for CDSL.NS
[2025-09-01 11:36:07,774] [INFO] [ExploreAPI] Incoming request: GET /api/financials/CDSL
[2025-09-01 11:36:07,778] [INFO] [ExploreAPI] Incoming request: GET /api/history/CDSL
[2025-09-01 11:36:07,779] [INFO] [ExploreAPI] Fetching 5y history for CDSL
[2025-09-01 11:37:01,527] [INFO] [ExploreAPI] Incoming request: GET /api/history/CDSL
[2025-09-01 11:37:01,535] [INFO] [ExploreAPI] Fetching 5y history for CDSL
[2025-09-01 11:37:01,844] [INFO] [ExploreAPI] Incoming request: GET /api/fundamentals/CDSL
[2025-09-01 11:37:01,858] [INFO] [ExploreAPI] Fetching fundamentals for CDSL
[2025-09-01 11:37:04,390] [INFO] [ExploreAPI] Incoming request: GET /api/financials/CDSL
[2025-09-01 11:37:04,420] [INFO] [ExploreAPI] Incoming request: GET /api/balance-sheet/CDSL
[2025-09-01 11:37:04,421] [INFO] [ExploreAPI] Fetching balance sheet for CDSL.NS
[2025-09-01 11:37:04,485] [INFO] [ExploreAPI] Incoming request: GET /api/fundamentals/CDSL
[2025-09-01 11:37:04,486] [INFO] [ExploreAPI] Fetching fundamentals for CDSL
[2025-09-01 11:37:06,945] [INFO] [ExploreAPI] Incoming request: GET /api/history/CDSL
[2025-09-01 11:37:06,957] [INFO] [ExploreAPI] Fetching 5y history for CDSL
[2025-09-01 11:37:06,958] [INFO] [ExploreAPI] Incoming request: GET /api/financials/CDSL
[2025-09-01 11:37:06,960] [INFO] [ExploreAPI] Incoming request: GET /api/balance-sheet/CDSL
[2025-09-01 11:37:06,963] [INFO] [ExploreAPI] Fetching balance sheet for CDSL.NS
[2025-09-01 11:47:54,778] [INFO] [ExploreAPI] Incoming request: GET /api/history/CDSL
[2025-09-01 11:47:54,780] [INFO] [ExploreAPI] Incoming request: GET /api/fundamentals/CDSL
[2025-09-01 11:47:54,781] [INFO] [ExploreAPI] Fetching fundamentals for CDSL
[2025-09-01 11:47:58,375] [INFO] [ExploreAPI] Incoming request: GET /api/financials/CDSL
[2025-09-01 11:47:58,376] [INFO] [ExploreAPI] Incoming request: GET /api/balance-sheet/CDSL
[2025-09-01 11:47:58,380] [INFO] [ExploreAPI] Fetching 5y history for CDSL
[2025-09-01 11:47:58,385] [INFO] [ExploreAPI] Fetching balance sheet for CDSL.NS
[2025-09-01 11:47:58,511] [INFO] [ExploreAPI] Incoming request: GET /api/fundamentals/CDSL
[2025-09-01 11:47:58,517] [INFO] [ExploreAPI] Fetching fundamentals for CDSL
[2025-09-01 11:48:00,825] [INFO] [ExploreAPI] Incoming request: GET /api/balance-sheet/CDSL
[2025-09-01 11:48:00,874] [INFO] [ExploreAPI] Fetching balance sheet for CDSL.NS
[2025-09-01 11:48:00,983] [INFO] [ExploreAPI] Incoming request: GET /api/financials/CDSL
[2025-09-01 11:48:00,984] [INFO] [ExploreAPI] Incoming request: GET /api/history/CDSL
[2025-09-01 11:48:00,986] [INFO] [ExploreAPI] Fetching 5y history for CDSL
[2025-09-01 16:11:31,870] [INFO] [ExploreAPI] Incoming request: GET /mkt/movers
[2025-09-01 16:11:31,872] [INFO] [ExploreAPI] Incoming request: GET /mkt/midcap
[2025-09-01 16:11:47,126] [INFO] [ExploreAPI] Incoming request: GET /mkt/nifty50
[2025-09-01 16:11:47,426] [INFO] [ExploreAPI] Incoming request: GET /mkt/sensex
[2025-09-01 16:11:47,601] [INFO] [ExploreAPI] Incoming request: GET /mkt/banknifty
[2025-09-01 16:11:47,613] [INFO] [ExploreAPI] Incoming request: GET /mkt/movers
[2025-09-01 16:11:47,777] [INFO] [ExploreAPI] Incoming request: GET /mkt/midcap
[2025-09-01 16:11:47,778] [INFO] [ExploreAPI] Incoming request: GET /mkt/nifty50
[2025-09-01 16:11:47,779] [INFO] [ExploreAPI] Incoming request: GET /mkt/sensex
[2025-09-01 16:11:47,791] [INFO] [ExploreAPI] Incoming request: GET /mkt/banknifty
[2025-09-01 16:12:13,070] [INFO] [ExploreAPI] Incoming request: GET /api/history/BSE
[2025-09-01 16:12:13,081] [INFO] [ExploreAPI] Incoming request: GET /api/financials/BSE
[2025-09-01 16:12:13,082] [INFO] [ExploreAPI] Incoming request: GET /api/fundamentals/BSE
[2025-09-01 16:12:13,099] [INFO] [ExploreAPI] Incoming request: GET /api/balance-sheet/BSE
[2025-09-01 16:12:13,102] [INFO] [ExploreAPI] Fetching fundamentals for BSE
[2025-09-01 16:12:13,102] [INFO] [ExploreAPI] Fetching 5y history for BSE
[2025-09-01 16:12:25,111] [INFO] [ExploreAPI] Fetching balance sheet for BSE.NS
[2025-09-01 16:12:25,647] [INFO] [ExploreAPI] Incoming request: GET /api/fundamentals/BSE
[2025-09-01 16:12:25,648] [INFO] [ExploreAPI] Fetching fundamentals for BSE
[2025-09-01 16:12:27,778] [INFO] [ExploreAPI] Incoming request: GET /api/balance-sheet/BSE
[2025-09-01 16:12:27,779] [INFO] [ExploreAPI] Fetching balance sheet for BSE.NS
[2025-09-01 16:12:27,959] [INFO] [ExploreAPI] Incoming request: GET /api/history/BSE
[2025-09-01 16:12:27,963] [INFO] [ExploreAPI] Fetching 5y history for BSE
[2025-09-01 16:12:27,964] [INFO] [ExploreAPI] Incoming request: GET /api/financials/BSE
[2025-09-01 16:29:27,556] [INFO] [ExploreAPI] Incoming request: GET /mkt/movers
[2025-09-01 16:29:27,564] [INFO] [ExploreAPI] Incoming request: GET /mkt/nifty50
[2025-09-01 16:29:28,043] [INFO] [ExploreAPI] Incoming request: GET /mkt/midcap
[2025-09-01 16:29:28,358] [INFO] [ExploreAPI] Incoming request: GET /mkt/sensex
[2025-09-01 16:29:28,752] [INFO] [ExploreAPI] Incoming request: GET /mkt/banknifty
[2025-09-01 16:29:28,754] [INFO] [ExploreAPI] Incoming request: GET /mkt/nifty50
[2025-09-01 16:29:28,755] [INFO] [ExploreAPI] Incoming request: GET /mkt/movers
[2025-09-01 16:29:28,945] [INFO] [ExploreAPI] Incoming request: GET /mkt/midcap
[2025-09-01 16:29:28,950] [INFO] [ExploreAPI] Incoming request: GET /mkt/sensex
[2025-09-01 16:29:28,953] [INFO] [ExploreAPI] Incoming request: GET /mkt/banknifty
[2025-09-01 16:29:31,738] [INFO] [ExploreAPI] Incoming request: GET /api/history/KAYNES
[2025-09-01 16:29:31,740] [INFO] [ExploreAPI] Incoming request: GET /api/balance-sheet/KAYNES
[2025-09-01 16:29:31,741] [INFO] [ExploreAPI] Incoming request: GET /api/fundamentals/KAYNES
[2025-09-01 16:29:31,742] [INFO] [ExploreAPI] Incoming request: GET /api/financials/KAYNES
[2025-09-01 16:29:31,744] [INFO] [ExploreAPI] Fetching balance sheet for KAYNES.NS
[2025-09-01 16:29:32,111] [INFO] [ExploreAPI] Fetching fundamentals for KAYNES
[2025-09-01 16:29:40,737] [INFO] [ExploreAPI] Fetching 5y history for KAYNES
[2025-09-01 16:29:40,749] [INFO] [ExploreAPI] Incoming request: GET /api/fundamentals/KAYNES
[2025-09-01 16:29:40,751] [INFO] [ExploreAPI] Fetching fundamentals for KAYNES
[2025-09-01 16:29:43,287] [INFO] [ExploreAPI] Incoming request: GET /api/balance-sheet/KAYNES
[2025-09-01 16:29:43,291] [INFO] [ExploreAPI] Fetching balance sheet for KAYNES.NS
[2025-09-01 16:29:43,408] [INFO] [ExploreAPI] Incoming request: GET /api/history/KAYNES
[2025-09-01 16:29:43,409] [INFO] [ExploreAPI] Incoming request: GET /api/financials/KAYNES
[2025-09-01 16:29:43,410] [INFO] [ExploreAPI] Fetching 5y history for KAYNES
[2025-09-01 17:10:15,782] [INFO] [ExploreAPI] Incoming request: GET /api/history/KAYNES
[2025-09-01 17:10:15,786] [INFO] [ExploreAPI] Incoming request: GET /api/financials/KAYNES
[2025-09-01 17:10:15,787] [INFO] [ExploreAPI] Incoming request: GET /api/balance-sheet/KAYNES
[2025-09-01 17:10:15,787] [INFO] [ExploreAPI] Incoming request: GET /api/fundamentals/KAYNES
[2025-09-01 17:10:15,792] [INFO] [ExploreAPI] Fetching balance sheet for KAYNES.NS
[2025-09-01 17:10:15,857] [INFO] [ExploreAPI] Fetching fundamentals for KAYNES
[2025-09-01 17:10:18,699] [INFO] [ExploreAPI] Fetching 5y history for KAYNES
[2025-09-01 17:10:18,722] [INFO] [ExploreAPI] Incoming request: GET /api/fundamentals/KAYNES
[2025-09-01 17:10:18,726] [INFO] [ExploreAPI] Incoming request: GET /api/balance-sheet/KAYNES
[2025-09-01 17:10:18,806] [INFO] [ExploreAPI] Fetching fundamentals for KAYNES
[2025-09-01 17:10:21,428] [INFO] [ExploreAPI] Fetching balance sheet for KAYNES.NS
[2025-09-01 17:10:21,526] [INFO] [ExploreAPI] Incoming request: GET /api/financials/KAYNES
[2025-09-01 17:10:21,527] [INFO] [ExploreAPI] Incoming request: GET /api/history/KAYNES
[2025-09-01 17:10:21,529] [INFO] [ExploreAPI] Fetching 5y history for KAYNES
[2025-09-01 17:11:29,352] [INFO] [ExploreAPI] Incoming request: GET /api/history/KAYNES
[2025-09-01 17:11:29,354] [INFO] [ExploreAPI] Incoming request: GET /api/fundamentals/KAYNES
[2025-09-01 17:11:29,355] [INFO] [ExploreAPI] Fetching fundamentals for KAYNES
[2025-09-01 17:11:29,356] [INFO] [ExploreAPI] Fetching 5y history for KAYNES
[2025-09-01 17:11:32,061] [INFO] [ExploreAPI] Incoming request: GET /api/financials/KAYNES
[2025-09-01 17:11:32,062] [INFO] [ExploreAPI] Incoming request: GET /api/balance-sheet/KAYNES
[2025-09-01 17:11:32,072] [INFO] [ExploreAPI] Fetching balance sheet for KAYNES.NS
[2025-09-01 17:11:32,111] [INFO] [ExploreAPI] Incoming request: GET /api/fundamentals/KAYNES
[2025-09-01 17:11:32,112] [INFO] [ExploreAPI] Fetching fundamentals for KAYNES
[2025-09-01 17:11:34,532] [INFO] [ExploreAPI] Incoming request: GET /api/balance-sheet/KAYNES
[2025-09-01 17:11:34,533] [INFO] [ExploreAPI] Incoming request: GET /api/history/KAYNES
[2025-09-01 17:11:34,535] [INFO] [ExploreAPI] Fetching balance sheet for KAYNES.NS
[2025-09-01 17:11:34,591] [INFO] [ExploreAPI] Incoming request: GET /api/financials/KAYNES
[2025-09-01 17:11:34,591] [INFO] [ExploreAPI] Fetching 5y history for KAYNES
[2025-09-01 17:27:43,046] [INFO] [ExploreAPI] Incoming request: GET /api/history/KAYNES
[2025-09-01 17:27:43,058] [INFO] [ExploreAPI] Incoming request: GET /api/fundamentals/KAYNES
[2025-09-01 17:27:43,059] [INFO] [ExploreAPI] Incoming request: GET /api/financials/KAYNES
[2025-09-01 17:27:43,059] [INFO] [ExploreAPI] Incoming request: GET /api/balance-sheet/KAYNES
[2025-09-01 17:27:43,060] [INFO] [ExploreAPI] Fetching fundamentals for KAYNES
[2025-09-01 17:27:46,801] [INFO] [ExploreAPI] Fetching balance sheet for KAYNES.NS
[2025-09-01 17:27:46,886] [INFO] [ExploreAPI] Fetching 5y history for KAYNES
[2025-09-01 17:27:46,894] [INFO] [ExploreAPI] Incoming request: GET /api/balance-sheet/KAYNES
[2025-09-01 17:27:46,907] [INFO] [ExploreAPI] Incoming request: GET /api/fundamentals/KAYNES
[2025-09-01 17:27:46,921] [INFO] [ExploreAPI] Fetching balance sheet for KAYNES.NS
[2025-09-01 17:27:47,055] [INFO] [ExploreAPI] Fetching fundamentals for KAYNES
[2025-09-01 17:27:50,530] [INFO] [ExploreAPI] Incoming request: GET /api/financials/KAYNES
[2025-09-01 17:27:50,531] [INFO] [ExploreAPI] Incoming request: GET /api/history/KAYNES
[2025-09-01 17:27:50,533] [INFO] [ExploreAPI] Fetching 5y history for KAYNES
[2025-09-01 18:47:35,228] [INFO] [ExploreAPI] Incoming request: GET /api/history/KAYNES
[2025-09-01 18:47:35,230] [INFO] [ExploreAPI] Incoming request: GET /api/fundamentals/KAYNES
[2025-09-01 18:47:35,232] [INFO] [ExploreAPI] Fetching fundamentals for KAYNES
[2025-09-01 18:47:44,916] [INFO] [ExploreAPI] Incoming request: GET /api/balance-sheet/KAYNES
[2025-09-01 18:47:44,916] [INFO] [ExploreAPI] Incoming request: GET /api/financials/KAYNES
[2025-09-01 18:47:44,917] [INFO] [ExploreAPI] Fetching 5y history for KAYNES
[2025-09-01 18:47:44,921] [INFO] [ExploreAPI] Fetching balance sheet for KAYNES.NS
[2025-09-01 18:47:45,054] [INFO] [ExploreAPI] Incoming request: GET /api/fundamentals/KAYNES
[2025-09-01 18:47:45,056] [INFO] [ExploreAPI] Fetching fundamentals for KAYNES
[2025-09-01 18:47:47,132] [INFO] [ExploreAPI] Incoming request: GET /api/balance-sheet/KAYNES
[2025-09-01 18:47:47,134] [INFO] [ExploreAPI] Fetching balance sheet for KAYNES.NS
[2025-09-01 18:47:47,257] [INFO] [ExploreAPI] Incoming request: GET /api/financials/KAYNES
[2025-09-01 18:47:47,262] [INFO] [ExploreAPI] Incoming request: GET /api/history/KAYNES
[2025-09-01 18:47:47,264] [INFO] [ExploreAPI] Fetching 5y history for KAYNES
[2025-09-01 21:42:34,753] [INFO] [ExploreAPI] Incoming request: GET /api/history/KAYNES
[2025-09-01 21:42:34,755] [INFO] [ExploreAPI] Incoming request: GET /api/fundamentals/KAYNES
[2025-09-01 21:42:34,756] [INFO] [ExploreAPI] Incoming request: GET /api/financials/KAYNES
[2025-09-01 21:42:34,757] [INFO] [ExploreAPI] Fetching fundamentals for KAYNES
[2025-09-01 21:42:44,216] [INFO] [ExploreAPI] Incoming request: GET /api/balance-sheet/KAYNES
[2025-09-01 21:42:44,217] [INFO] [ExploreAPI] Fetching 5y history for KAYNES
[2025-09-01 21:42:44,217] [INFO] [ExploreAPI] Fetching balance sheet for KAYNES.NS
[2025-09-01 21:42:44,354] [INFO] [ExploreAPI] Incoming request: GET /api/fundamentals/KAYNES
[2025-09-01 21:42:44,362] [INFO] [ExploreAPI] Fetching fundamentals for KAYNES
[2025-09-01 21:42:46,799] [INFO] [ExploreAPI] Incoming request: GET /api/balance-sheet/KAYNES
[2025-09-01 21:42:46,813] [INFO] [ExploreAPI] Fetching balance sheet for KAYNES.NS
[2025-09-01 21:42:46,929] [INFO] [ExploreAPI] Incoming request: GET /api/financials/KAYNES
[2025-09-01 21:42:46,931] [INFO] [ExploreAPI] Incoming request: GET /api/history/KAYNES
[2025-09-01 21:42:46,932] [INFO] [ExploreAPI] Fetching 5y history for KAYNES
[2025-09-02 13:23:01,552] [INFO] [ExploreAPI] Incoming request: GET /mkt/movers
[2025-09-02 13:23:01,554] [INFO] [ExploreAPI] Incoming request: GET /mkt/midcap
[2025-09-02 13:23:19,044] [INFO] [ExploreAPI] Incoming request: GET /mkt/nifty50
[2025-09-02 13:23:19,352] [INFO] [ExploreAPI] Incoming request: GET /mkt/banknifty
[2025-09-02 13:23:19,594] [INFO] [ExploreAPI] Incoming request: GET /mkt/sensex
[2025-09-02 13:23:19,598] [INFO] [ExploreAPI] Incoming request: GET /mkt/movers
[2025-09-02 13:23:19,598] [INFO] [ExploreAPI] Incoming request: GET /mkt/nifty50
[2025-09-02 13:23:19,599] [INFO] [ExploreAPI] Incoming request: GET /mkt/midcap
[2025-09-02 13:23:19,933] [INFO] [ExploreAPI] Incoming request: GET /mkt/banknifty
[2025-09-02 13:23:19,936] [INFO] [ExploreAPI] Incoming request: GET /mkt/sensex
[2025-09-02 13:23:38,609] [INFO] [ExploreAPI] Incoming request: GET /api/history/MRF
[2025-09-02 13:23:38,617] [INFO] [ExploreAPI] Incoming request: GET /api/financials/MRF
[2025-09-02 13:23:38,619] [INFO] [ExploreAPI] Incoming request: GET /api/balance-sheet/MRF
[2025-09-02 13:23:38,620] [INFO] [ExploreAPI] Incoming request: GET /api/fundamentals/MRF
[2025-09-02 13:23:38,624] [INFO] [ExploreAPI] Fetching 5y history for MRF
[2025-09-02 13:23:38,627] [INFO] [ExploreAPI] Fetching balance sheet for MRF.NS
[2025-09-02 13:23:39,007] [INFO] [ExploreAPI] Fetching fundamentals for MRF
[2025-09-02 13:23:50,285] [INFO] [ExploreAPI] Incoming request: GET /api/balance-sheet/MRF
[2025-09-02 13:23:50,287] [INFO] [ExploreAPI] Fetching balance sheet for MRF.NS
[2025-09-02 13:23:50,376] [INFO] [ExploreAPI] Incoming request: GET /api/history/MRF
[2025-09-02 13:23:50,377] [INFO] [ExploreAPI] Incoming request: GET /api/fundamentals/MRF
[2025-09-02 13:23:50,378] [INFO] [ExploreAPI] Fetching fundamentals for MRF
[2025-09-02 13:23:51,872] [INFO] [ExploreAPI] Fetching 5y history for MRF
[2025-09-02 13:23:51,881] [INFO] [ExploreAPI] Incoming request: GET /api/financials/MRF
[2025-09-02 14:09:35,606] [INFO] [ExploreAPI] Incoming request: GET /api/history/MRF
[2025-09-02 14:09:35,608] [INFO] [ExploreAPI] Incoming request: GET /api/fundamentals/MRF
[2025-09-02 14:09:35,609] [INFO] [ExploreAPI] Fetching fundamentals for MRF
[2025-09-02 14:09:37,119] [INFO] [ExploreAPI] Incoming request: GET /api/balance-sheet/MRF
[2025-09-02 14:09:37,120] [INFO] [ExploreAPI] Incoming request: GET /api/financials/MRF
[2025-09-02 14:09:37,121] [INFO] [ExploreAPI] Fetching 5y history for MRF
[2025-09-02 14:09:37,122] [INFO] [ExploreAPI] Fetching balance sheet for MRF.NS
[2025-09-02 14:09:37,154] [INFO] [ExploreAPI] Incoming request: GET /api/fundamentals/MRF
[2025-09-02 14:09:37,165] [INFO] [ExploreAPI] Fetching fundamentals for MRF
[2025-09-02 14:09:38,104] [INFO] [ExploreAPI] Incoming request: GET /api/balance-sheet/MRF
[2025-09-02 14:09:38,132] [INFO] [ExploreAPI] Fetching balance sheet for MRF.NS
[2025-09-02 14:09:38,169] [INFO] [ExploreAPI] Incoming request: GET /api/financials/MRF
[2025-09-02 14:09:38,170] [INFO] [ExploreAPI] Incoming request: GET /api/history/MRF
[2025-09-02 14:09:38,171] [INFO] [ExploreAPI] Fetching 5y history for MRF
[2025-09-02 14:37:30,955] [INFO] [ExploreAPI] Incoming request: GET /mkt/movers
[2025-09-02 14:37:30,955] [INFO] [ExploreAPI] Incoming request: GET /mkt/nifty50
[2025-09-02 14:37:46,562] [INFO] [ExploreAPI] Incoming request: GET /mkt/sensex
[2025-09-02 14:37:47,055] [INFO] [ExploreAPI] Incoming request: GET /mkt/banknifty
[2025-09-02 14:37:47,056] [INFO] [ExploreAPI] Incoming request: GET /mkt/midcap
[2025-09-02 14:37:47,427] [INFO] [ExploreAPI] Incoming request: GET /mkt/movers
[2025-09-02 14:37:47,431] [INFO] [ExploreAPI] Incoming request: GET /mkt/nifty50
[2025-09-02 14:37:47,440] [INFO] [ExploreAPI] Incoming request: GET /mkt/banknifty
[2025-09-02 14:37:47,441] [INFO] [ExploreAPI] Incoming request: GET /mkt/sensex
[2025-09-02 14:37:47,448] [INFO] [ExploreAPI] Incoming request: GET /mkt/midcap
[2025-09-02 14:38:31,035] [INFO] [ExploreAPI] Incoming request: GET /mkt/movers
[2025-09-02 14:38:31,039] [INFO] [ExploreAPI] Incoming request: GET /mkt/nifty50
[2025-09-02 14:38:31,040] [INFO] [ExploreAPI] Incoming request: GET /mkt/sensex
[2025-09-02 14:38:31,042] [INFO] [ExploreAPI] Incoming request: GET /mkt/banknifty
[2025-09-02 14:38:31,049] [INFO] [ExploreAPI] Incoming request: GET /mkt/midcap
[2025-09-02 14:39:10,966] [INFO] [ExploreAPI] Incoming request: GET /api/history/M&M
[2025-09-02 14:39:10,969] [INFO] [ExploreAPI] Fetching 5y history for M&M
[2025-09-02 14:39:11,281] [INFO] [ExploreAPI] Incoming request: GET /api/fundamentals/M&M
[2025-09-02 14:39:11,285] [INFO] [ExploreAPI] Incoming request: GET /api/balance-sheet/M&M
[2025-09-02 14:39:11,287] [INFO] [ExploreAPI] Incoming request: GET /api/financials/M&M
[2025-09-02 14:39:11,293] [INFO] [ExploreAPI] Fetching fundamentals for M&M
[2025-09-02 14:39:20,648] [INFO] [ExploreAPI] Fetching balance sheet for M&M.NS
[2025-09-02 14:39:21,077] [INFO] [ExploreAPI] Incoming request: GET /api/balance-sheet/M&M
[2025-09-02 14:39:21,080] [INFO] [ExploreAPI] Incoming request: GET /api/fundamentals/M&M
[2025-09-02 14:39:21,081] [INFO] [ExploreAPI] Fetching balance sheet for M&M.NS
[2025-09-02 14:39:21,174] [INFO] [ExploreAPI] Fetching fundamentals for M&M
[2025-09-02 14:39:22,919] [INFO] [ExploreAPI] Incoming request: GET /api/history/M&M
[2025-09-02 14:39:22,928] [INFO] [ExploreAPI] Fetching 5y history for M&M
[2025-09-02 14:39:22,930] [INFO] [ExploreAPI] Incoming request: GET /api/financials/M&M
[2025-09-05 17:53:13,837] [INFO] [ExploreAPI] Incoming request: GET /mkt/movers
[2025-09-05 17:53:13,839] [INFO] [ExploreAPI] Incoming request: GET /mkt/sensex
[2025-09-05 17:53:30,793] [INFO] [ExploreAPI] Incoming request: GET /mkt/midcap
[2025-09-05 17:53:31,203] [INFO] [ExploreAPI] Incoming request: GET /mkt/nifty50
[2025-09-05 17:53:31,353] [INFO] [ExploreAPI] Incoming request: GET /mkt/banknifty
[2025-09-05 17:53:31,505] [INFO] [ExploreAPI] Incoming request: GET /mkt/sensex
[2025-09-05 17:53:31,507] [INFO] [ExploreAPI] Incoming request: GET /mkt/movers
[2025-09-05 17:53:31,513] [INFO] [ExploreAPI] Incoming request: GET /mkt/midcap
[2025-09-05 17:53:31,532] [INFO] [ExploreAPI] Incoming request: GET /mkt/nifty50
[2025-09-05 17:53:31,545] [INFO] [ExploreAPI] Incoming request: GET /mkt/banknifty
[2025-09-05 17:54:13,807] [INFO] [ExploreAPI] Incoming request: GET /mkt/movers
[2025-09-05 17:54:13,811] [INFO] [ExploreAPI] Incoming request: GET /mkt/sensex
[2025-09-05 17:54:13,812] [INFO] [ExploreAPI] Incoming request: GET /mkt/nifty50
[2025-09-05 17:54:13,812] [INFO] [ExploreAPI] Incoming request: GET /mkt/banknifty
[2025-09-05 17:54:13,817] [INFO] [ExploreAPI] Incoming request: GET /mkt/midcap
[2025-09-05 17:54:43,413] [INFO] [ExploreAPI] Incoming request: GET /api/history/BSE
[2025-09-05 17:54:43,416] [INFO] [ExploreAPI] Fetching 5y history for BSE
[2025-09-05 17:54:43,721] [INFO] [ExploreAPI] Incoming request: GET /api/fundamentals/BSE
[2025-09-05 17:54:43,723] [INFO] [ExploreAPI] Fetching fundamentals for BSE
[2025-09-05 17:54:51,826] [INFO] [ExploreAPI] Incoming request: GET /api/financials/BSE
[2025-09-05 17:54:51,828] [INFO] [ExploreAPI] Incoming request: GET /api/balance-sheet/BSE
[2025-09-05 17:54:51,872] [INFO] [ExploreAPI] Fetching balance sheet for BSE.NS
[2025-09-05 17:54:52,274] [INFO] [ExploreAPI] Incoming request: GET /api/history/BSE
[2025-09-05 17:54:52,277] [INFO] [ExploreAPI] Incoming request: GET /api/fundamentals/BSE
[2025-09-05 17:54:52,278] [INFO] [ExploreAPI] Fetching fundamentals for BSE
[2025-09-05 17:54:53,713] [INFO] [ExploreAPI] Incoming request: GET /api/balance-sheet/BSE
[2025-09-05 17:54:53,716] [INFO] [ExploreAPI] Fetching 5y history for BSE
[2025-09-05 17:54:53,716] [INFO] [ExploreAPI] Fetching balance sheet for BSE.NS
[2025-09-05 17:54:53,850] [INFO] [ExploreAPI] Incoming request: GET /api/financials/BSE
[2025-09-05 19:27:19,610] [INFO] [ExploreAPI] Incoming request: GET /api/history/BSE
[2025-09-05 19:27:19,614] [INFO] [ExploreAPI] Incoming request: GET /api/balance-sheet/BSE
[2025-09-05 19:27:19,615] [INFO] [ExploreAPI] Incoming request: GET /api/fundamentals/BSE
[2025-09-05 19:27:19,616] [INFO] [ExploreAPI] Incoming request: GET /api/financials/BSE
[2025-09-05 19:27:19,620] [INFO] [ExploreAPI] Fetching balance sheet for BSE.NS
[2025-09-05 19:27:19,702] [INFO] [ExploreAPI] Fetching fundamentals for BSE
[2025-09-05 19:27:24,361] [INFO] [ExploreAPI] Fetching 5y history for BSE
[2025-09-05 19:27:24,368] [INFO] [ExploreAPI] Incoming request: GET /api/balance-sheet/BSE
[2025-09-05 19:27:24,378] [INFO] [ExploreAPI] Fetching balance sheet for BSE.NS
[2025-09-05 19:27:24,464] [INFO] [ExploreAPI] Incoming request: GET /api/fundamentals/BSE
[2025-09-05 19:27:24,518] [INFO] [ExploreAPI] Fetching fundamentals for BSE
[2025-09-05 19:27:25,362] [INFO] [ExploreAPI] Incoming request: GET /api/financials/BSE
[2025-09-05 19:27:25,371] [INFO] [ExploreAPI] Incoming request: GET /api/history/BSE
[2025-09-05 19:27:25,372] [INFO] [ExploreAPI] Fetching 5y history for BSE
[2025-09-05 21:56:34,275] [INFO] [ExploreAPI] Incoming request: GET /api/fundamentals/BSE
[2025-09-05 21:56:34,279] [INFO] [ExploreAPI] Incoming request: GET /api/history/BSE
[2025-09-05 21:56:34,281] [INFO] [ExploreAPI] Incoming request: GET /api/balance-sheet/BSE
[2025-09-05 21:56:34,282] [INFO] [ExploreAPI] Incoming request: GET /api/financials/BSE
[2025-09-05 21:56:34,287] [INFO] [ExploreAPI] Fetching fundamentals for BSE
[2025-09-05 21:56:47,164] [INFO] [ExploreAPI] Fetching balance sheet for BSE.NS
[2025-09-05 21:56:47,270] [INFO] [ExploreAPI] Fetching 5y history for BSE
[2025-09-05 21:56:47,282] [INFO] [ExploreAPI] Incoming request: GET /api/balance-sheet/BSE
[2025-09-05 21:56:47,338] [INFO] [ExploreAPI] Incoming request: GET /api/fundamentals/BSE
[2025-09-05 21:56:47,361] [INFO] [ExploreAPI] Fetching balance sheet for BSE.NS
[2025-09-05 21:56:47,407] [INFO] [ExploreAPI] Fetching fundamentals for BSE
[2025-09-05 21:56:49,042] [INFO] [ExploreAPI] Incoming request: GET /api/financials/BSE
[2025-09-05 21:56:49,043] [INFO] [ExploreAPI] Incoming request: GET /api/history/BSE
[2025-09-05 21:56:49,044] [INFO] [ExploreAPI] Fetching 5y history for BSE
